Date,Open,High,Low,Close*,Adj Close**,Volume
2019-02-15,"25564,63","25883,72","25564,63","25883,25","25883,25",328530000
2019-02-14,"25460,65","25558,90","25308,09","25439,39","25439,39",313010000
2019-02-13,"25480,86","25625,95","25480,86","25543,27","25543,27",263330000
2019-02-12,"25152,03","25458,98","25152,03","25425,76","25425,76",278110000
2019-02-11,"25142,81","25196,75","25009,10","25053,11","25053,11",241700000
2019-02-08,"25042,36","25106,39","24883,04","25106,33","25106,33",248210000
2019-02-07,"25265,81","25314,26","25000,52","25169,53","25169,53",295460000
2019-02-06,"25371,57","25439,04","25312,06","25390,30","25390,30",247590000
2019-02-05,"25287,93","25427,32","25287,65","25411,52","25411,52",310650000
2019-02-04,"25062,12","25239,91","24977,67","25239,37","25239,37",298540000
2019-02-01,"25025,31","25193,15","24982,49","25063,89","25063,89",372090000
2019-01-31,"24954,48","25049,62","24842,09","24999,67","24999,67",507350000
2019-01-30,"24826,52","25109,62","24790,90","25014,86","25014,86",397330000
2019-01-29,"24519,62","24674,87","24504,04","24579,96","24579,96",330870000
2019-01-28,"24596,98","24596,98","24323,94","24528,22","24528,22",347170000
0201-01-25,"24687,21","24860,15","24676,75","24737,20","24737,20",376890000
0201-01-24,"24579,96","24626,30","24422,73","24553,24","24553,24",320170000
0201-01-23,"24577,25","24700,98","24307,17","24575,62","24575,62",318600000
2019-01-22,"24607,76","24607,76","24244,31","24404,48","24404,48",338480000
2019-01-18,"24534,19","24750,22","24459,03","24706,35","24706,35",372970000
2019-01-17,"24147,09","24474,46","24088,90","24370,10","24370,10",288590000
2019-01-16,"24139,91","24288,61","24119,72","24207,16","24207,16",302830000
2019-01-15,"23914,11","24099,14","23887,93","24065,59","24065,59",291570000
2019-01-14,"23880,53","23964,90","23765,24","23909,84","23909,84",277560000
2019-11-01,"23940,01","23996,32","23798,16","23995,95","23995,95",262650000
2019-10-01,"23811,11","24014,78","23703,25","24001,92","24001,92",338150000
2019-09-01,"23844,27","24084,71","23703,16","23879,12","23879,12",324570000
2019-08-01,"23680,32","23864,65","23581,45","23787,45","23787,45",317420000
2019-07-01,"23474,26","23687,74","23301,59","23531,35","23531,35",334200000
2019-04-01,"22894,92","23518,64","22894,92","23433,16","23433,16",396020000
2019-03-01,"23176,39","23176,39","22638,41","22686,22","22686,22",424240000
2019-02-01,"23058,61","23413,47","22928,59","23346,24","23346,24",321570000
Dec 31 2018,"23153,94","23333,18","23118,30","23327,46","23327,46",288830000
Dec 28 2018,"23213,61","23381,88","22981,33","23062,40","23062,40",336510000
Dec 27 2018,"22629,06","23138,89","22267,42","23138,82","23138,82",407940000
Dec 26 2018,"21857,73","22878,92","21712,53","22878,45","22878,45",433080000
Dec 24 2018,"22317,28","22339,87","21792,20","21792,20","21792,20",308420000
Dec 21 2018,"22871,74","23254,59","22396,34","22445,37","22445,37",900510000
Dec 20 2018,"23224,12","23282,20","22644,31","22859,60","22859,60",576700000
Dec 19 2018,"23693,33","24057,34","23162,64","23323,66","23323,66",503550000
Dec 18 2018,"23769,13","23927,77","23516,02","23675,64","23675,64",408070000
Dec 17 2018,"23986,83","24088,08","23456,88","23592,98","23592,98",466740000
Dec 14 2018,"24408,04","24431,14","24033,79","24100,51","24100,51",416940000
Dec 13 2018,"24575,86","24740,96","24473,29","24597,38","24597,38",299970000
Dec 12 2018,"24509,09","24828,29","24509,09","24527,27","24527,27",344330000
Dec 11 2018,"24719,91","24791,26","24221,06","24370,24","24370,24",342960000
Dec 10 2018,"24360,95","24500,81","23881,37","24423,26","24423,26",389690000
Dec 07 2018,"24918,82","25095,62","24284,78","24388,95","24388,95",398230000
Dec 06 2018,"24737,42","24951,01","24242,22","24947,67","24947,67",471690000
Dec 04 2018,"25752,56","25773,12","25008,11","25027,07","25027,07",418900000
Dec 03 2018,"25779,57","25980,21","25670,51","25826,43","25826,43",388480000
2018-11-30,"25307,14","25549,71","25250,97","25538,46","25538,46",482250000
2018-11-29,"25343,65","25479,04","25202,79","25338,84","25338,84",305110000
2018-11-28,"24832,84","25368,93","24832,84","25366,43","25366,43",362160000
2018-11-27,"24557,02","24750,73","24416,03","24748,73","24748,73",308250000
2018-11-26,"24364,13","24673,29","24364,13","24640,24","24640,24",306280000
2018-11-23,"24336,40","24408,80","24268,74","24285,95","24285,95",155940000
2018-11-21,"24541,65","24669,79","24463,28","24464,69","24464,69",289370000
2018-11-20,"24618,68","24707,26","24368,98","24465,64","24465,64",445920000
2018-11-19,"25392,61","25392,61","24900,98","25017,44","25017,44",358090000
2018-11-16,"25242,35","25510,23","25147,80","25413,22","25413,22",354460000
2018-11-15,"25061,48","25354,56","24787,79","25289,27","25289,27",392750000
2018-11-14,"25388,08","25501,29","24935,82","25080,50","25080,50",384240000
2018-11-13,"25321,21","25511,03","25193,78","25286,49","25286,49",339690000
2018-11-12,"25959,33","25966,71","25340,51","25387,18","25387,18",346910000
2018-11-09,"26149,11","26161,49","25882,91","25989,30","25989,30",324450000
2018-11-08,"26139,59","26277,82","26081,90","26191,22","26191,22",295650000
2018-11-07,"25788,46","26200,14","25765,88","26180,30","26180,30",361780000
2018-11-06,"25452,83","25651,86","25444,90","25635,01","25635,01",265450000
2018-11-05,"25261,47","25507,35","25261,47","25461,70","25461,70",334740000
2018-11-02,"25443,60","25578,98","25078,72","25270,83","25270,83",429480000
2018-11-01,"25142,08","25396,47","25108,11","25380,74","25380,74",383970000
2018-10-31,"25008,82","25336,55","25008,82","25115,76","25115,76",448930000
2018-10-30,"24482,04","24906,68","24415,69","24874,64","24874,64",470050000
2018-10-29,"24818,98","25040,58","24122,23","24442,92","24442,92",443850000
2018-10-26,"24770,25","24916,16","24445,19","24688,31","24688,31",505310000
2018-10-25,"24736,54","25104,29","24645,56","24984,55","24984,55",439670000
2018-10-24,"25172,88","25306,23","24533,19","24583,42","24583,42",496400000
2018-10-23,"25038,46","25307,70","24768,79","25191,43","25191,43",436430000
2018-10-22,"25492,14","25561,34","25236,05","25317,41","25317,41",314940000
2018-10-19,"25421,09","25608,71","25350,02","25444,34","25444,34",350810000
2018-10-18,"25645,56","25691,46","25236,01","25379,45","25379,45",328020000
2018-10-17,"25705,87","25810,09","25479,16","25706,68","25706,68",298210000
2018-10-16,"25351,53","25817,68","25351,53","25798,42","25798,42",305800000
2018-10-15,"25332,46","25482,42","25243,88","25250,55","25250,55",287320000
2018-10-12,"25407,63","25467,55","25000,83","25339,99","25339,99",397510000
2018-10-11,"25518,39","25683,64","24899,77","25052,83","25052,83",522880000
2018-10-10,"26441,73","26487,87","25567,10","25598,74","25598,74",438200000
2018-10-09,"26469,19","26539,94","26324,16","26430,57","26430,57",282560000
2018-10-08,"26399,45","26529,35","26223,09","26486,78","26486,78",273020000
2018-10-05,"26632,77","26676,16","26301,81","26447,05","26447,05",267100000
2018-10-04,"26784,08","26793,82","26471,61","26627,48","26627,48",289600000
2018-10-03,"26833,47","26951,81","26789,08","26828,39","26828,39",280130000
2018-10-02,"26648,91","26824,78","26627,66","26773,94","26773,94",258290000
2018-10-01,"26598,36","26737,98","26596,05","26651,21","26651,21",238320000
2018-09-28,"26407,66","26515,76","26383,57","26458,31","26458,31",264030000
2018-09-27,"26418,27","26557,01","26379,95","26439,93","26439,93",226350000
2018-09-26,"26536,86","26606,09","26349,34","26385,28","26385,28",262620000
2018-09-25,"26601,58","26634,85","26475,58","26492,21","26492,21",234110000
2018-09-24,"26705,25","26709,94","26548,68","26562,05","26562,05",254850000
2018-09-21,"26726,25","26769,16","26680,37","26743,50","26743,50",657620000
2018-09-20,"26519,39","26697,49","26519,39","26656,98","26656,98",260480000
2018-09-19,"26287,84","26464,41","26280,76","26405,76","26405,76",251330000
2018-09-18,"26076,21","26317,34","26076,21","26246,96","26246,96",243000000
2018-09-17,"26151,66","26184,47","26030,35","26062,12","26062,12",230230000
2018-09-14,"26169,56","26211,11","26068,29","26154,67","26154,67",228640000
2018-09-13,"26083,94","26191,64","26067,08","26145,99","26145,99",260800000
2018-09-12,"25989,07","26145,72","25929,43","25998,92","25998,92",282770000
2018-09-11,"25841,14","26019,92","25754,32","25971,06","25971,06",265960000
2018-09-10,"25991,91","26039,96","25854,13","25857,07","25857,07",252170000
2018-09-07,"25951,02","26002,99","25818,39","25916,54","25916,54",281350000
2018-09-06,"25973,02","26073,68","25880,84","25995,87","25995,87",262380000
2018-09-05,"25919,84","26011,22","25871,04","25974,99","25974,99",289210000
2018-09-04,"25916,07","25971,77","25805,95","25952,48","25952,48",254600000
Aug 31 2018,"25964,85","26028,83","25879,77","25964,82","25964,82",273440000
Aug 30 2018,"26099,01","26104,37","25934,80","25986,92","25986,92",240440000
Aug 29 2018,"26082,53","26167,94","26035,30","26124,57","26124,57",214960000
Aug 28 2018,"26092,70","26122,24","26037,85","26064,02","26064,02",211470000
Aug 27 2018,"25882,71","26067,57","25882,71","26049,64","26049,64",220510000
Aug 24 2018,"25688,58","25826,05","25688,58","25790,35","25790,35",200330000
Aug 23 2018,"25714,86","25762,56","25608,02","25656,98","25656,98",213270000
Aug 22 2018,"25825,06","25836,16","25722,43","25733,60","25733,60",200480000
Aug 21 2018,"25786,99","25888,82","25784,90","25822,29","25822,29",241620000
Aug 20 2018,"25727,70","25790,17","25716,41","25758,69","25758,69",248570000
Aug 17 2018,"25550,80","25728,16","25521,66","25669,32","25669,32",284160000
Aug 16 2018,"25294,97","25607,34","25294,97","25558,73","25558,73",342430000
Aug 15 2018,"25235,37","25235,37","24965,77","25162,41","25162,41",295810000
Aug 14 2018,"25215,69","25339,51","25201,87","25299,92","25299,92",219210000
Aug 13 2018,"25327,19","25381,39","25153,93","25187,70","25187,70",219990000
Aug 10 2018,"25401,19","25401,19","25222,88","25313,14","25313,14",234480000
Aug 09 2018,"25589,79","25613,31","25492,69","25509,23","25509,23",214970000
Aug 08 2018,"25615,72","25634,11","25557,48","25583,75","25583,75",217770000
Aug 07 2018,"25551,65","25692,72","25551,65","25628,91","25628,91",239910000
Aug 06 2018,"25437,43","25540,02","25381,38","25502,18","25502,18",238990000
Aug 03 2018,"25360,37","25467,90","25325,17","25462,58","25462,58",239020000
Aug 02 2018,"25256,45","25360,48","25120,07","25326,16","25326,16",307700000
Aug 01 2018,"25461,63","25488,80","25278,32","25333,82","25333,82",315880000
2018-07-31,"25345,21","25490,98","25345,21","25415,19","25415,19",348700000
2018-07-30,"25439,32","25500,16","25287,38","25306,83","25306,83",296880000
2018-07-27,"25520,52","25580,22","25370,07","25451,06","25451,06",329680000
2018-07-26,"25468,55","25587,24","25463,16","25527,07","25527,07",297530000
2018-07-25,"25183,70","25432,87","25113,55","25414,10","25414,10",273670000
2018-07-24,"25092,43","25286,62","25092,43","25241,94","25241,94",274940000
2018-07-23,"25036,90","25081,45","24983,33","25044,29","25044,29",228820000
2018-07-20,"25041,14","25124,10","24986,35","25058,12","25058,12",274080000
2018-07-19,"25139,15","25154,17","25052,62","25064,50","25064,50",285760000
2018-07-18,"25133,79","25215,32","25101,12","25199,29","25199,29",252870000
2018-07-17,"25033,92","25155,39","24989,61","25119,89","25119,89",250450000
2018-07-16,"25025,58","25072,41","24979,64","25064,36","25064,36",231270000
2018-07-13,"24926,07","25043,21","24890,06","25019,41","25019,41",255520000
2018-07-12,"24802,90","24939,97","24802,90","24924,89","24924,89",233150000
2018-07-11,"24789,48","24815,16","24663,82","24700,45","24700,45",237370000
2018-07-10,"24806,97","24945,38","24806,97","24919,66","24919,66",235040000
2018-07-09,"24519,20","24796,52","24518,43","24776,59","24776,59",240580000
2018-07-06,"24352,47","24520,29","24281,47","24456,48","24456,48",219450000
2018-07-05,"24285,82","24372,80","24177,44","24356,74","24356,74",237670000
2018-07-03,"24359,39","24444,88","24150,85","24174,82","24174,82",160960000
2018-07-02,"24161,53","24319,42","24077,56","24307,18","24307,18",244110000
2018-06-29,"24323,93","24509,52","24269,71","24271,41","24271,41",329070000
2018-06-28,"24064,19","24308,16","23997,21","24216,05","24216,05",305020000
2018-06-27,"24303,11","24569,02","24115,82","24117,59","24117,59",313790000
2018-06-26,"24281,89","24384,21","24241,22","24283,11","24283,11",301130000
2018-06-25,"24463,73","24463,73","24084,39","24252,80","24252,80",439130000
2018-06-22,"24526,97","24663,18","24526,97","24580,89","24580,89",473970000
2018-06-21,"24639,21","24639,21","24406,63","24461,70","24461,70",349570000
2018-06-20,"24771,17","24804,76","24628,39","24657,80","24657,80",359520000
2018-06-19,"24763,59","24763,59","24567,75","24700,21","24700,21",376380000
2018-06-18,"24944,28","25003,10","24825,77","24987,47","24987,47",337070000
2018-06-15,"25116,71","25130,82","24894,38","25090,48","25090,48",659370000
2018-06-14,"25254,65","25332,50","25138,60","25175,31","25175,31",341170000
2018-06-13,"25328,65","25362,07","25191,42","25201,20","25201,20",329700000
2018-06-12,"25346,82","25364,37","25247,04","25320,73","25320,73",265750000
2018-06-11,"25336,67","25402,83","25290,20","25322,31","25322,31",276740000
2018-06-08,"25209,29","25325,63","25165,70","25316,53","25316,53",317510000
2018-06-07,"25192,14","25326,09","25164,48","25241,41","25241,41",357680000
2018-06-06,"24854,14","25146,46","24854,14","25146,39","25146,39",316090000
2018-06-05,"24820,12","24838,78","24710,82","24799,98","24799,98",306340000
2018-06-04,"24727,55","24859,37","24722,14","24813,69","24813,69",340400000
2018-06-01,"24542,09","24673,60","24542,09","24635,21","24635,21",315710000
2018-05-31,"24620,79","24620,79","24352,15","24415,84","24415,84",429740000
2018-05-30,"24467,83","24714,48","24459,09","24667,78","24667,78",324870000
2018-05-29,"24606,59","24635,18","24247,84","24361,45","24361,45",395810000
2018-05-25,"24781,29","24824,22","24687,81","24753,09","24753,09",257210000
2018-05-24,"24877,36","24877,36","24605,90","24811,76","24811,76",347050000
2018-05-23,"24757,71","24889,46","24667,12","24886,81","24886,81",399610000
2018-05-22,"25047,55","25064,99","24812,06","24834,41","24834,41",288200000
2018-05-21,"24883,06","25086,49","24883,06","25013,29","25013,29",308920000
2018-05-18,"24707,72","24774,97","24664,87","24715,09","24715,09",269700000
2018-05-17,"24752,40","24839,49","24639,40","24713,98","24713,98",314650000
2018-05-16,"24722,32","24801,19","24672,79","24768,93","24768,93",280810000
2018-05-15,"24809,55","24809,55","24629,39","24706,41","24706,41",301900000
2018-05-14,"24879,37","24994,19","24862,52","24899,41","24899,41",282860000
2018-05-11,"24758,64","24868,65","24717,50","24831,17","24831,17",274150000
2018-05-10,"24591,66","24794,99","24575,91","24739,53","24739,53",304210000
2018-05-09,"24399,18","24586,48","24323,87","24542,54","24542,54",361580000
2018-05-08,"24341,35","24412,34","24198,34","24360,21","24360,21",344940000
2018-05-07,"24317,66","24479,45","24263,42","24357,32","24357,32",307670000
2018-05-04,"23865,22","24333,35","23778,87","24262,51","24262,51",329480000
2018-05-03,"23836,23","23996,15","23531,31","23930,15","23930,15",389240000
2018-05-02,"24097,63","24185,52","23886,30","23924,98","23924,98",385350000
2018-05-01,"24117,29","24117,29","23808,19","24099,05","24099,05",380070000
Apr 30 2018,"24410,41","24498,23","24163,08","24163,15","24163,15",416650000
Apr 27 2018,"24342,14","24359,38","24194,45","24311,19","24311,19",392810000
Apr 26 2018,"24128,72","24402,46","24128,72","24322,34","24322,34",390360000
Apr 25 2018,"24070,20","24146,34","23823,08","24083,83","24083,83",437100000
Apr 24 2018,"24579,94","24579,94","23828,73","24024,13","24024,13",468180000
Apr 23 2018,"24488,07","24536,89","24328,54","24448,69","24448,69",351030000
Apr 20 2018,"24657,39","24678,07","24375,04","24462,94","24462,94",537770000
Apr 19 2018,"24711,30","24762,48","24557,03","24664,89","24664,89",381110000
Apr 18 2018,"24820,85","24832,54","24721,09","24748,07","24748,07",302030000
Apr 17 2018,"24681,79","24858,97","24681,79","24786,63","24786,63",342410000
Apr 16 2018,"24483,15","24675,36","24480,20","24573,04","24573,04",305070000
Apr 13 2018,"24582,82","24646,45","24243,74","24360,14","24360,14",331890000
Apr 12 2018,"24302,82","24592,12","24302,82","24483,05","24483,05",336130000
Apr 11 2018,"24274,19","24366,57","24150,87","24189,45","24189,45",286360000
Apr 10 2018,"24198,95","24511,35","24198,95","24408,00","24408,00",368590000
Apr 09 2018,"24037,52","24373,18","23954,83","23979,10","23979,10",380790000
Apr 06 2018,"24373,60","24434,40","23738,20","23932,76","23932,76",395990000
Apr 05 2018,"24313,91","24622,26","24313,91","24505,22","24505,22",347790000
Apr 04 2018,"23654,15","24308,96","23523,16","24264,30","24264,30",388540000
Apr 03 2018,"23698,33","24044,35","23664,33","24033,36","24033,36",394130000
Apr 02 2018,"24076,60","24123,80","23344,52","23644,19","23644,19",509820000
2018-03-29,"23949,18","24314,30","23928,13","24103,11","24103,11",463550000
2018-03-28,"23883,08","24092,47","23728,67","23848,42","23848,42",530040000
2018-03-27,"24276,62","24446,22","23708,73","23857,71","23857,71",524480000
2018-03-26,"23825,74","24232,30","23741,22","24202,60","24202,60",479540000
2018-03-23,"23995,18","24108,47","23509,06","23533,20","23533,20",482550000
2018-03-22,"24526,01","24526,01","23938,74","23957,89","23957,89",439280000
2018-03-21,"24723,49","24977,65","24655,40","24682,31","24682,31",343230000
2018-03-20,"24650,64","24803,61","24650,64","24727,27","24727,27",342510000
2018-03-19,"24893,69","24893,69","24453,14","24610,91","24610,91",377990000
2018-03-16,"24877,34","25031,00","24857,09","24946,51","24946,51",654240000
2018-03-15,"24837,29","25053,87","24753,29","24873,66","24873,66",316310000
2018-03-14,"25086,97","25130,12","24668,83","24758,12","24758,12",356830000
2018-03-13,"25257,75","25376,40","24947,50","25007,03","25007,03",447880000
2018-03-12,"25372,44","25449,15","25152,02","25178,61","25178,61",362580000
2018-03-09,"25004,89","25336,33","25004,89","25335,74","25335,74",371570000
2018-03-08,"24853,41","24950,49","24703,05","24895,21","24895,21",327300000
2018-03-07,"24758,15","24849,68","24535,12","24801,36","24801,36",394070000
2018-03-06,"24965,89","24995,24","24708,41","24884,12","24884,12",331770000
2018-03-05,"24471,31","24961,00","24387,15","24874,76","24874,76",383910000
2018-03-02,"24394,91","24592,46","24217,76","24538,06","24538,06",437130000
2018-03-01,"25024,04","25185,35","24442,56","24608,98","24608,98",506280000
2018-02-28,"25485,15","25576,15","25022,42","25029,20","25029,20",451870000
2018-02-27,"25735,78","25800,35","25407,83","25410,03","25410,03",438390000
2018-02-26,"25403,35","25732,80","25398,56","25709,27","25709,27",473360000
2018-02-23,"25050,51","25313,91","25028,73","25309,99","25309,99",335420000
2018-02-22,"24855,41","25156,72","24854,83","24962,48","24962,48",378900000
2018-02-21,"24988,06","25267,99","24792,99","24797,78","24797,78",456070000
2018-02-20,"25124,91","25179,01","24884,19","24964,75","24964,75",421510000
2018-02-16,"25165,94","25432,42","25149,26","25219,38","25219,38",406730000
2018-02-15,"25047,82","25203,95","24809,42","25200,37","25200,37",416780000
2018-02-14,"24535,82","24925,95","24490,36","24893,49","24893,49",431160000
2018-02-13,"24540,33","24705,72","24421,03","24640,45","24640,45",374410000
2018-02-12,"24337,76","24765,16","24290,48","24601,27","24601,27",496610000
2018-02-09,"23992,67","24382,14","23360,29","24190,90","24190,90",735030000
2018-02-08,"24902,30","24903,68","23849,23","23860,46","23860,46",657500000
2018-02-07,"24892,87","25293,96","24785,44","24893,35","24893,35",504620000
2018-02-06,"24085,17","24946,23","23778,74","24912,77","24912,77",823940000
2018-02-05,"25337,87","25520,53","23923,88","24345,75","24345,75",714450000
2018-02-02,"26061,79","26061,79","25490,66","25520,96","25520,96",522880000
2018-02-01,"26083,04","26306,70","26014,44","26186,71","26186,71",410620000
01 31 2018,"26268,17","26338,03","26050,98","26149,39","26149,39",479130000
01 30 2018,"26198,45","26256,99","26028,42","26076,89","26076,89",448330000
01 29 2018,"26584,28","26608,90","26435,34","26439,48","26439,48",421000000
01 26 2018,"26466,74","26616,71","26425,35","26616,71","26616,71",477780000
01 25 2018,"26313,06","26458,25","26259,72","26392,79","26392,79",401390000
01 24 2018,"26282,07","26392,80","26106,94","26252,12","26252,12",518790000
01 23 2018,"26214,87","26246,19","26143,90","26210,81","26210,81",433490000
01 22 2018,"26025,32","26215,23","25974,65","26214,60","26214,60",431200000
01 19 2018,"25987,35","26071,72","25942,83","26071,72","26071,72",585000000
01 18 2018,"26149,55","26153,42","25947,32","26017,81","26017,81",492780000
01 17 2018,"25910,78","26130,45","25865,02","26115,65","26115,65",522720000
01 16 2018,"25987,62","26086,12","25702,99","25792,86","25792,86",606520000
01 12 2018,"25638,39","25810,43","25633,08","25803,19","25803,19",376390000
01 11 2018,"25398,60","25575,42","25396,19","25574,73","25574,73",346830000
01 10 2018,"25348,13","25404,92","25256,99","25369,13","25369,13",341470000
01 09 2018,"25312,05","25439,78","25308,41","25385,80","25385,80",333490000
01 08 2018,"25308,40","25311,99","25235,41","25283,00","25283,00",341390000
01 05 2018,"25114,92","25299,79","25112,01","25295,87","25295,87",358020000
01 04 2018,"24964,86","25105,96","24963,27","25075,13","25075,13",403280000
01 03 2018,"24850,45","24941,92","24825,55","24922,68","24922,68",456790000
01 02 2018,"24809,35","24864,19","24741,70","24824,01","24824,01",341130000
Dec 29 2017,"24849,63","24871,66","24719,22","24719,22","24719,22",270760000
Dec 28 2017,"24807,21","24839,23","24797,13","24837,51","24837,51",200960000
Dec 27 2017,"24766,52","24789,52","24731,68","24774,30","24774,30",225890000
Dec 26 2017,"24715,84","24778,13","24708,42","24746,21","24746,21",208290000
Dec 22 2017,"24764,04","24784,15","24717,51","24754,06","24754,06",255140000
Dec 21 2017,"24778,26","24850,91","24766,27","24782,29","24782,29",339530000
Dec 20 2017,"24838,09","24852,44","24697,11","24726,65","24726,65",341790000
Dec 19 2017,"24834,38","24850,11","24715,60","24754,75","24754,75",335330000
Dec 18 2017,"24739,56","24876,07","24739,56","24792,20","24792,20",354880000
Dec 15 2017,"24585,71","24688,62","24584,44","24651,74","24651,74",635740000
Dec 14 2017,"24631,01","24672,48","24508,66","24508,66","24508,66",314780000
Dec 13 2017,"24525,19","24666,02","24518,30","24585,43","24585,43",325280000
Dec 12 2017,"24452,96","24552,97","24443,83","24504,80","24504,80",342220000
Dec 11 2017,"24338,11","24389,72","24314,74","24386,03","24386,03",300580000
Dec 08 2017,"24263,26","24330,12","24225,50","24329,16","24329,16",293590000
Dec 07 2017,"24116,60","24262,88","24101,24","24211,48","24211,48",319060000
Dec 06 2017,"24171,90","24229,35","24134,49","24140,91","24140,91",312720000
Dec 05 2017,"24335,01","24349,74","24155,28","24180,64","24180,64",371190000
Dec 04 2017,"24424,11","24534,04","24288,19","24290,05","24290,05",424250000
Dec 01 2017,"24305,40","24322,06","23921,90","24231,59","24231,59",417910000
2017-11-30,"24013,80","24327,82","24013,80","24272,35","24272,35",488200000
2017-11-29,"23883,26","23959,76","23872,59","23940,68","23940,68",401410000
2017-11-28,"23625,19","23849,61","23617,11","23836,71","23836,71",319240000
2017-11-27,"23552,86","23638,92","23545,02","23580,78","23580,78",296320000
2017-11-24,"23552,75","23599,18","23551,59","23557,99","23557,99",118610000
2017-11-22,"23597,24","23605,77","23507,61","23526,18","23526,18",268760000
2017-11-21,"23500,15","23617,80","23500,15","23590,83","23590,83",329650000
2017-11-20,"23370,71","23456,88","23360,58","23430,33","23430,33",315330000
2017-11-17,"23433,77","23433,77","23356,01","23358,24","23358,24",386000000
2017-11-16,"23365,34","23492,19","23365,34","23458,36","23458,36",402020000
2017-11-15,"23334,59","23344,99","23242,75","23271,28","23271,28",404300000
2017-11-14,"23388,40","23414,08","23271,57","23409,47","23409,47",561330000
2017-11-13,"23367,47","23461,68","23343,34","23439,70","23439,70",491260000
2017-11-10,"23432,71","23452,20","23392,96","23422,21","23422,21",351280000
2017-11-09,"23492,09","23516,74","23310,02","23461,94","23461,94",305440000
2017-11-08,"23542,60","23575,00","23510,56","23563,36","23563,36",264670000
2017-11-07,"23574,03","23602,12","23484,19","23557,23","23557,23",285080000
2017-11-06,"23533,96","23574,86","23520,75","23548,42","23548,42",325190000
2017-11-03,"23549,59","23557,06","23481,57","23539,19","23539,19",312250000
2017-11-02,"23463,24","23531,38","23350,98","23516,26","23516,26",348040000
2017-11-01,"23442,90","23517,71","23388,91","23435,01","23435,01",361260000
2017-10-31,"23369,22","23406,35","23334,39","23377,24","23377,24",388050000
2017-10-30,"23405,75","23428,75","23327,87","23348,74","23348,74",436900000
2017-10-27,"23419,16","23449,40","23353,16","23434,19","23434,19",518870000
2017-10-26,"23380,89","23459,84","23380,89","23400,86","23400,86",370600000
2017-10-25,"23431,09","23451,51","23251,11","23329,46","23329,46",399560000
2017-10-24,"23346,78","23485,25","23343,23","23441,76","23441,76",406850000
2017-10-23,"23348,95","23368,37","23273,96","23273,96","23273,96",456830000
2017-10-20,"23205,18","23328,84","23201,78","23328,63","23328,63",474380000
2017-10-19,"23107,47","23167,24","23052,67","23163,04","23163,04",350400000
2017-10-18,"23087,13","23172,93","23086,75","23157,60","23157,60",271870000
2017-10-17,"22952,41","23002,20","22948,23","22997,44","22997,44",273090000
2017-10-16,"22892,92","22960,12","22887,12","22956,96","22956,96",247180000
2017-10-13,"22876,43","22905,33","22855,93","22871,72","22871,72",259560000
2017-10-12,"22854,85","22884,82","22821,13","22841,01","22841,01",291790000
2017-10-11,"22827,65","22872,89","22821,66","22872,89","22872,89",316000000
2017-10-10,"22784,76","22850,51","22770,99","22830,68","22830,68",319270000
2017-10-09,"22779,73","22803,37","22739,38","22761,07","22761,07",310770000
2017-10-06,"22762,03","22773,67","22730,85","22773,67","22773,67",221450000
2017-10-05,"22669,08","22777,04","22655,14","22775,39","22775,39",246400000
2017-10-04,"22645,67","22685,94","22632,80","22661,64","22661,64",235730000
2017-10-03,"22564,45","22646,32","22562,90","22641,67","22641,67",238830000
2017-10-02,"22423,47","22559,38","22416,00","22557,60","22557,60",268530000
2017-09-29,"22358,47","22405,63","22332,96","22405,09","22405,09",274790000
2017-09-28,"22306,83","22394,74","22288,97","22381,20","22381,20",263010000
2017-09-27,"22330,93","22371,10","22254,93","22340,71","22340,71",342900000
2017-09-26,"22322,03","22369,35","22279,52","22284,32","22284,32",285990000
2017-09-25,"22320,47","22359,88","22219,11","22296,09","22296,09",332430000
2017-09-22,"22334,07","22364,31","22299,58","22349,59","22349,59",297140000
2017-09-21,"22414,02","22419,51","22356,55","22359,23","22359,23",287390000
2017-09-20,"22351,38","22413,26","22314,68","22412,59","22412,59",334560000
2017-09-19,"22349,70","22386,01","22340,71","22370,80","22370,80",295570000
2017-09-18,"22297,92","22355,62","22283,35","22331,35","22331,35",302740000
2017-09-15,"22252,44","22275,02","22214,52","22268,34","22268,34",527540000
2017-09-14,"22144,96","22216,44","22135,26","22203,48","22203,48",297780000
2017-09-13,"22103,47","22158,18","22095,79","22158,18","22158,18",291890000
2017-09-12,"22090,56","22134,57","22087,09","22118,86","22118,86",364580000
2017-09-11,"21927,79","22067,10","21927,79","22057,37","22057,37",312770000
2017-09-08,"21764,43","21846,63","21731,12","21797,79","21797,79",289400000
2017-09-07,"21820,38","21850,01","21745,71","21784,78","21784,78",333810000
2017-09-06,"21815,76","21849,24","21794,07","21807,64","21807,64",318760000
2017-09-05,"21912,37","21921,09","21709,63","21753,31","21753,31",332840000
2017-09-01,"21981,77","22038,97","21974,91","21987,56","21987,56",256240000
Aug 31 2017,"21936,01","21985,76","21910,50","21948,10","21948,10",376790000
Aug 30 2017,"21859,76","21914,26","21839,47","21892,43","21892,43",242840000
Aug 29 2017,"21718,00","21879,22","21673,58","21865,37","21865,37",227340000
Aug 28 2017,"21832,50","21861,49","21767,94","21808,40","21808,40",218740000
Aug 25 2017,"21819,08","21906,86","21812,81","21813,67","21813,67",217570000
Aug 24 2017,"21839,90","21870,11","21765,82","21783,40","21783,40",228480000
Aug 23 2017,"21850,27","21866,66","21808,39","21812,09","21812,09",234810000
Aug 22 2017,"21739,78","21912,83","21738,13","21899,89","21899,89",244980000
Aug 21 2017,"21671,36","21718,74","21600,34","21703,75","21703,75",277880000
Aug 18 2017,"21724,88","21793,35","21641,63","21674,51","21674,51",309070000
Aug 17 2017,"21984,74","21984,74","21750,32","21750,73","21750,73",311030000
Aug 16 2017,"22031,93","22085,71","22002,47","22024,87","22024,87",264920000
Aug 15 2017,"22029,91","22038,92","21971,48","21998,99","21998,99",269070000
Aug 14 2017,"21945,64","22019,23","21945,64","21993,71","21993,71",235030000
Aug 11 2017,"21883,32","21911,09","21842,74","21858,32","21858,32",237790000
Aug 10 2017,"21988,20","21988,20","21843,94","21844,01","21844,01",303310000
Aug 09 2017,"22022,34","22057,19","21996,69","22048,70","22048,70",277800000
Aug 08 2017,"22095,14","22179,11","22057,29","22085,34","22085,34",262000000
Aug 07 2017,"22100,20","22121,15","22081,97","22118,42","22118,42",213010000
Aug 04 2017,"22058,39","22092,81","22024,64","22092,81","22092,81",253640000
Aug 03 2017,"22007,58","22044,85","21991,32","22026,10","22026,10",278730000
Aug 02 2017,"22004,36","22036,10","21967,46","22016,24","22016,24",336820000
Aug 01 2017,"21961,42","21990,96","21940,81","21963,92","21963,92",328410000
2017-07-31,"21863,39","21929,80","21861,71","21891,12","21891,12",307610000
2017-07-28,"21787,51","21841,18","21756,12","21830,31","21830,31",285630000
2017-07-27,"21717,42","21798,47","21687,85","21796,55","21796,55",407320000
2017-07-26,"21690,38","21742,70","21683,29","21711,01","21711,01",278240000
2017-07-25,"21638,56","21670,62","21577,37","21613,43","21613,43",304300000
2017-07-24,"21577,78","21577,78","21496,13","21513,17","21513,17",284080000
2017-07-21,"21591,72","21592,61","21503,78","21580,07","21580,07",362830000
2017-07-20,"21641,54","21661,91","21576,96","21611,78","21611,78",313950000
2017-07-19,"21569,25","21640,75","21565,84","21640,75","21640,75",253040000
2017-07-18,"21589,94","21589,94","21471,14","21574,73","21574,73",251110000
2017-07-17,"21633,97","21661,81","21617,66","21629,72","21629,72",244780000
2017-07-14,"21532,77","21681,53","21521,72","21637,74","21637,74",235590000
2017-07-13,"21537,19","21568,72","21512,36","21553,09","21553,09",232270000
2017-07-12,"21467,93","21580,79","21467,93","21532,14","21532,14",267870000
2017-07-11,"21410,17","21441,62","21279,30","21409,07","21409,07",247570000
2017-07-10,"21381,23","21446,39","21371,11","21408,52","21408,52",270340000
2017-07-07,"21354,66","21425,82","21350,72","21414,34","21414,34",242240000
2017-07-06,"21423,93","21433,10","21305,38","21320,04","21320,04",320450000
2017-07-05,"21492,83","21505,36","21404,76","21478,17","21478,17",273690000
2017-07-03,"21392,30","21562,75","21391,71","21479,27","21479,27",186810000
2017-06-30,"21348,60","21426,12","21325,08","21349,63","21349,63",313260000
2017-06-29,"21487,38","21487,38","21197,08","21287,03","21287,03",336750000
2017-06-28,"21372,36","21478,75","21372,36","21454,61","21454,61",271510000
2017-06-27,"21411,19","21440,60","21310,66","21310,66","21310,66",292170000
2017-06-26,"21434,68","21506,21","21381,25","21409,55","21409,55",241880000
2017-06-23,"21380,92","21421,79","21333,89","21394,76","21394,76",368400000
2017-06-22,"21407,98","21456,47","21394,81","21397,29","21397,29",270680000
2017-06-21,"21466,39","21492,62","21390,00","21410,03","21410,03",292500000
2017-06-20,"21521,25","21535,03","21464,24","21467,14","21467,14",310200000
2017-06-19,"21444,75","21528,99","21436,08","21528,99","21528,99",289400000
2017-06-16,"21335,93","21384,42","21308,01","21384,28","21384,28",603260000
2017-06-15,"21291,69","21367,28","21261,87","21359,90","21359,90",317200000
2017-06-14,"21342,71","21391,97","21294,09","21374,56","21374,56",295090000
2017-06-13,"21256,83","21332,77","21256,83","21328,47","21328,47",323510000
2017-06-12,"21259,95","21277,08","21186,15","21235,67","21235,67",528080000
2017-06-09,"21208,96","21305,35","21159,45","21271,97","21271,97",397200000
2017-06-08,"21169,76","21265,69","21138,16","21182,53","21182,53",330330000
2017-06-07,"21171,57","21189,84","21113,31","21173,69","21173,69",273400000
2017-06-06,"21145,48","21180,47","21118,46","21136,23","21136,23",283550000
2017-06-05,"21195,03","21224,41","21168,69","21184,04","21184,04",269790000
2017-06-02,"21142,09","21225,04","21129,56","21206,29","21206,29",329700000
2017-06-01,"21030,55","21144,18","20994,22","21144,18","21144,18",276730000
2017-05-31,"21048,46","21051,70","20942,57","21008,65","21008,65",371580000
2017-05-30,"21045,49","21063,62","21009,60","21029,47","21029,47",242810000
2017-05-26,"21070,15","21092,82","21050,49","21080,28","21080,28",208000000
2017-05-25,"21062,96","21112,32","21051,41","21082,95","21082,95",268970000
2017-05-24,"20949,21","21022,82","20933,58","21012,42","21012,42",283180000
2017-05-23,"20908,67","20961,14","20896,22","20937,91","20937,91",244950000
2017-05-22,"20867,77","20914,26","20860,16","20894,83","20894,83",276120000
2017-05-19,"20698,28","20857,13","20687,94","20804,84","20804,84",365180000
2017-05-18,"20579,65","20759,20","20553,45","20663,02","20663,02",422590000
2017-05-17,"20846,17","20846,17","20601,08","20606,93","20606,93",423200000
2017-05-16,"20984,48","21033,53","20932,88","20979,75","20979,75",311580000
2017-05-15,"20923,63","21000,83","20923,63","20981,94","20981,94",313170000
2017-05-12,"20893,19","20916,10","20869,74","20896,61","20896,61",288500000
2017-05-11,"20925,72","20933,36","20798,90","20919,42","20919,42",287680000
2017-05-10,"20958,49","20976,28","20884,15","20943,11","20943,11",283340000
2017-05-09,"21022,28","21046,85","20938,04","20975,78","20975,78",273000000
2017-05-08,"20991,26","21017,89","20971,05","21012,28","21012,28",276150000
2017-05-05,"20929,04","21006,94","20905,00","21006,94","21006,94",260960000
2017-05-04,"20987,83","20990,79","20847,95","20951,47","20951,47",274720000
2017-05-03,"20915,00","20972,74","20874,18","20957,90","20957,90",310920000
2017-05-02,"20941,19","20960,92","20904,06","20949,89","20949,89",338810000
2017-05-01,"20962,73","20976,62","20898,38","20913,46","20913,46",288160000
Apr 28 2017,"20987,39","20987,76","20926,75","20940,51","20940,51",329990000
Apr 27 2017,"20991,12","21005,80","20935,80","20981,33","20981,33",305690000
Apr 26 2017,"21009,95","21070,90","20972,27","20975,09","20975,09",328550000
Apr 25 2017,"20915,51","21026,97","20909,38","20996,12","20996,12",348180000
Apr 24 2017,"20723,59","20792,20","20723,59","20763,89","20763,89",342400000
Apr 21 2017,"20578,10","20601,40","20505,33","20547,76","20547,76",369600000
Apr 20 2017,"20406,68","20629,78","20406,68","20578,71","20578,71",312440000
Apr 19 2017,"20503,52","20546,69","20379,55","20404,49","20404,49",294790000
Apr 18 2017,"20561,39","20600,12","20462,28","20523,28","20523,28",263180000
Apr 17 2017,"20484,75","20644,41","20484,75","20636,92","20636,92",229240000
Apr 13 2017,"20561,69","20612,27","20453,25","20453,25","20453,25",235810000
Apr 12 2017,"20637,95","20642,54","20553,03","20591,86","20591,86",267670000
Apr 11 2017,"20644,32","20660,03","20512,56","20651,30","20651,30",255120000
Apr 10 2017,"20668,22","20750,33","20614,86","20658,02","20658,02",230480000
Apr 07 2017,"20647,81","20726,07","20606,95","20656,10","20656,10",219730000
Apr 06 2017,"20653,77","20746,46","20612,17","20662,95","20662,95",251720000
Apr 05 2017,"20745,06","20887,50","20639,55","20648,15","20648,15",284980000
Apr 04 2017,"20634,94","20701,29","20605,30","20689,24","20689,24",237390000
Apr 03 2017,"20665,17","20692,34","20517,82","20650,21","20650,21",285670000
2017-03-31,"20700,34","20722,59","20660,68","20663,22","20663,22",303770000
2017-03-30,"20662,79","20753,78","20643,60","20728,49","20728,49",270900000
2017-03-29,"20675,75","20684,73","20625,03","20659,32","20659,32",238320000
2017-03-28,"20542,14","20735,61","20520,10","20701,50","20701,50",299670000
2017-03-27,"20488,35","20578,46","20412,80","20550,98","20550,98",269380000
2017-03-24,"20674,45","20718,33","20529,67","20596,72","20596,72",292980000
2017-03-23,"20645,07","20757,89","20618,62","20656,58","20656,58",280050000
2017-03-22,"20640,42","20686,21","20578,95","20661,30","20661,30",325090000
2017-03-21,"20956,33","20970,04","20653,26","20668,01","20668,01",369320000
2017-03-20,"20916,27","20955,45","20885,70","20905,86","20905,86",253610000
2017-03-17,"20965,37","20980,51","20911,07","20914,62","20914,62",535280000
2017-03-16,"20969,27","21000,11","20893,50","20934,55","20934,55",264360000
2017-03-15,"20874,78","20977,47","20859,60","20950,10","20950,10",306590000
2017-03-14,"20848,60","20874,00","20786,31","20837,37","20837,37",246820000
2017-03-13,"20899,28","20926,06","20845,71","20881,48","20881,48",289260000
2017-03-10,"20919,01","20940,29","20827,66","20902,98","20902,98",315430000
2017-03-09,"20864,32","20900,57","20777,16","20858,19","20858,19",275960000
2017-03-08,"20940,44","20951,44","20835,58","20855,73","20855,73",296780000
2017-03-07,"20934,89","20970,54","20901,26","20924,76","20924,76",274630000
2017-03-06,"20955,71","20986,43","20912,11","20954,34","20954,34",266620000
2017-03-03,"21008,75","21039,96","20953,86","21005,71","21005,71",254420000
2017-03-02,"21128,91","21129,20","20996,61","21002,97","21002,97",319910000
2017-03-01,"20957,29","21169,11","20957,29","21115,55","21115,55",392820000
2017-02-28,"20833,88","20841,24","20781,21","20812,24","20812,24",339210000
2017-02-27,"20808,71","20851,33","20774,76","20837,44","20837,44",256540000
2017-02-24,"20751,91","20821,76","20733,95","20821,76","20821,76",292540000
2017-02-23,"20817,21","20840,70","20746,41","20810,32","20810,32",302110000
2017-02-22,"20715,41","20781,59","20692,39","20775,60","20775,60",310530000
2017-02-21,"20663,43","20757,64","20663,37","20743,00","20743,00",336880000
2017-02-17,"20564,13","20624,05","20532,61","20624,05","20624,05",340620000
2017-02-16,"20627,31","20639,87","20556,83","20619,77","20619,77",354120000
2017-02-15,"20504,27","20620,45","20496,03","20611,86","20611,86",384380000
2017-02-14,"20374,22","20504,41","20374,02","20504,41","20504,41",356580000
2017-02-13,"20338,54","20441,48","20322,95","20412,16","20412,16",314620000
2017-02-10,"20211,23","20298,21","20204,76","20269,37","20269,37",312230000
2017-02-09,"20061,73","20206,36","20061,73","20172,40","20172,40",325310000
2017-02-08,"20049,29","20068,28","20015,33","20054,34","20054,34",280410000
2017-02-07,"20107,62","20155,35","20068,68","20090,29","20090,29",279670000
2017-02-06,"20025,61","20094,95","20002,81","20052,42","20052,42",281720000
2017-02-03,"19964,21","20081,48","19964,21","20071,46","20071,46",344220000
2017-02-02,"19858,34","19922,75","19831,09","19884,91","19884,91",347220000
2017-02-01,"19923,81","19967,73","19845,99","19890,94","19890,94",426670000
01 31 2017,"19913,16","19918,17","19784,77","19864,09","19864,09",373750000
01 30 2017,"20028,62","20028,62","19870,39","19971,13","19971,13",317280000
01 27 2017,"20103,36","20115,97","20072,64","20093,78","20093,78",343130000
01 26 2017,"20076,25","20125,58","20067,53","20100,91","20100,91",356730000
01 25 2017,"19994,48","20082,00","19994,48","20068,51","20068,51",372240000
01 24 2017,"19794,68","19949,24","19786,71","19912,71","19912,71",374460000
01 23 2017,"19794,79","19833,98","19732,36","19799,85","19799,85",326690000
01 20 2017,"19795,06","19843,94","19759,14","19827,25","19827,25",435260000
01 19 2017,"19813,55","19824,14","19677,94","19732,40","19732,40",301750000
01 18 2017,"19822,73","19828,20","19739,00","19804,72","19804,72",279760000
01 17 2017,"19848,82","19882,99","19775,35","19826,77","19826,77",341900000
01 13 2017,"19912,54","19952,03","19849,38","19885,73","19885,73",263780000
01 12 2017,"19926,21","19929,29","19770,47","19891,00","19891,00",306290000
01 11 2017,"19887,38","19973,42","19833,16","19954,28","19954,28",336150000
01 10 2017,"19876,35","19957,12","19836,03","19855,53","19855,53",299410000
01 09 2017,"19931,41","19943,78","19887,38","19887,38","19887,38",287510000
01 06 2017,"19906,96","19999,63","19834,08","19963,80","19963,80",277700000
01 05 2017,"19924,56","19948,60","19811,12","19899,29","19899,29",269920000
01 04 2017,"19890,94","19956,14","19878,83","19942,16","19942,16",280010000
01 03 2017,"19872,86","19938,53","19775,93","19881,76","19881,76",339180000
Dec 30 2016,"19833,17","19852,55","19718,67","19762,60","19762,60",271910000
Dec 29 2016,"19835,46","19878,44","19788,94","19819,78","19819,78",172040000
Dec 28 2016,"19964,31","19981,11","19827,31","19833,68","19833,68",188350000
Dec 27 2016,"19943,46","19980,24","19939,80","19945,04","19945,04",158540000
Dec 23 2016,"19908,61","19934,15","19899,06","19933,81","19933,81",158260000
Dec 22 2016,"19922,68","19933,83","19882,19","19918,88","19918,88",258290000
Dec 21 2016,"19968,97","19986,56","19941,96","19941,96","19941,96",256640000
Dec 20 2016,"19920,59","19987,63","19920,42","19974,62","19974,62",284080000
Dec 19 2016,"19836,66","19917,78","19832,95","19883,06","19883,06",302310000
Dec 16 2016,"19909,01","19923,17","19821,00","19843,41","19843,41",573470000
Dec 15 2016,"19811,50","19951,29","19811,50","19852,24","19852,24",357350000
Dec 14 2016,"19876,13","19966,43","19748,67","19792,53","19792,53",408430000
Dec 13 2016,"19852,21","19953,75","19846,45","19911,21","19911,21",388420000
Dec 12 2016,"19770,20","19824,59","19747,74","19796,43","19796,43",333660000
Dec 09 2016,"19631,35","19757,74","19623,19","19756,85","19756,85",334470000
Dec 08 2016,"19559,94","19664,97","19527,83","19614,81","19614,81",324570000
Dec 07 2016,"19241,99","19558,42","19229,83","19549,62","19549,62",385200000
Dec 06 2016,"19219,91","19255,89","19184,74","19251,78","19251,78",284960000
Dec 05 2016,"19244,35","19274,85","19186,73","19216,24","19216,24",317800000
Dec 02 2016,"19161,25","19196,14","19141,18","19170,42","19170,42",84920000
Dec 01 2016,"19149,20","19214,30","19138,79","19191,93","19191,93",108800000
2016-11-30,"19135,64","19225,29","19123,38","19123,58","19123,58",164570000
2016-11-29,"19064,07","19144,40","19062,22","19121,60","19121,60",81510000
2016-11-28,"19122,14","19138,72","19072,25","19097,90","19097,90",88460000
2016-11-25,"19093,72","19152,14","19093,72","19152,14","19152,14",45890000
2016-11-23,"19015,52","19083,76","19000,38","19083,18","19083,18",77880000
2016-11-22,"18970,39","19043,90","18962,82","19023,87","19023,87",85310000
2016-11-21,"18898,68","18960,76","18883,10","18956,69","18956,69",80520000
2016-11-18,"18905,33","18915,74","18853,83","18867,93","18867,93",109880000
2016-11-17,"18866,22","18904,03","18845,27","18903,82","18903,82",89940000
2016-11-16,"18909,85","18909,85","18825,89","18868,14","18868,14",87320000
2016-11-15,"18858,21","18925,26","18806,06","18923,06","18923,06",100660000
2016-11-14,"18876,77","18934,05","18815,75","18868,69","18868,69",112250000
2016-11-11,"18781,65","18855,78","18736,96","18847,66","18847,66",107300000
2016-11-10,"18603,14","18873,66","18603,14","18807,88","18807,88",164390000
2016-11-09,"18317,26","18650,06","18252,55","18589,69","18589,69",173110000
2016-11-08,"18251,38","18400,50","18200,75","18332,74","18332,74",79820000
2016-11-07,"17994,64","18263,30","17994,64","18259,60","18259,60",93450000
2016-11-04,"17928,35","17986,76","17883,56","17888,28","17888,28",97760000
2016-11-03,"17978,75","18006,96","17904,07","17930,67","17930,67",77860000
2016-11-02,"18017,72","18044,15","17931,89","17959,64","17959,64",88610000
2016-11-01,"18158,24","18177,01","17940,84","18037,10","18037,10",101280000
2016-10-31,"18176,60","18193,68","18130,58","18142,42","18142,42",110080000
2016-10-28,"18193,79","18257,06","18094,97","18161,19","18161,19",107850000
2016-10-27,"18234,81","18253,20","18149,20","18169,68","18169,68",83530000
2016-10-26,"18103,80","18236,04","18062,30","18199,33","18199,33",86340000
2016-10-25,"18206,52","18241,69","18151,70","18169,27","18169,27",83190000
2016-10-24,"18197,14","18275,04","18191,18","18223,03","18223,03",88540000
2016-10-21,"18152,63","18168,76","18049,77","18145,71","18145,71",117810000
2016-10-20,"18161,87","18249,05","18129,07","18162,35","18162,35",88830000
2016-10-19,"18178,21","18252,20","18169,25","18202,62","18202,62",88040000
2016-10-18,"18145,06","18225,80","18129,45","18161,94","18161,94",74600000
2016-10-17,"18135,85","18162,28","18063,02","18086,40","18086,40",75960000
2016-10-14,"18177,35","18261,11","18138,38","18138,38","18138,38",87050000
2016-10-13,"18088,32","18137,70","17959,95","18098,94","18098,94",83160000
2016-10-12,"18132,63","18193,96","18082,09","18144,20","18144,20",72230000
2016-10-11,"18308,43","18312,33","18061,96","18128,66","18128,66",88610000
2016-10-10,"18282,95","18399,96","18282,95","18329,04","18329,04",72110000
2016-10-07,"18295,35","18319,73","18149,35","18240,49","18240,49",82680000
2016-10-06,"18280,42","18288,12","18162,97","18268,50","18268,50",78660000
2016-10-05,"18205,50","18315,82","18205,50","18281,03","18281,03",76190000
2016-10-04,"18267,68","18313,77","18116,26","18168,45","18168,45",79710000
2016-10-03,"18279,60","18279,80","18203,75","18253,85","18253,85",68520000
2016-09-30,"18181,80","18369,62","18181,80","18308,15","18308,15",135470000
2016-09-29,"18322,88","18366,23","18091,64","18143,45","18143,45",95880000
2016-09-28,"18240,22","18349,86","18179,34","18339,24","18339,24",97650000
2016-09-27,"18099,21","18238,10","18052,16","18228,30","18228,30",84130000
2016-09-26,"18217,76","18217,76","18083,32","18094,83","18094,83",95510000
2016-09-23,"18377,36","18383,76","18254,84","18261,45","18261,45",87170000
2016-09-22,"18343,76","18449,88","18343,76","18392,46","18392,46",73030000
2016-09-21,"18164,96","18307,43","18121,57","18293,70","18293,70",94090000
2016-09-20,"18175,36","18227,21","18128,80","18129,96","18129,96",72450000
2016-09-19,"18154,82","18254,88","18093,05","18120,17","18120,17",78090000
2016-09-16,"18217,21","18217,21","18070,21","18123,80","18123,80",278510000
2016-09-15,"18024,91","18250,11","18015,49","18212,48","18212,48",99550000
2016-09-14,"18073,39","18163,48","17992,21","18034,77","18034,77",103360000
2016-09-13,"18262,99","18262,99","18028,06","18066,75","18066,75",102830000
2016-09-12,"18028,95","18358,69","17994,84","18325,07","18325,07",103260000
2016-09-09,"18404,17","18404,17","18085,45","18085,45","18085,45",120670000
2016-09-08,"18486,69","18506,24","18446,69","18479,91","18479,91",79060000
2016-09-07,"18527,71","18536,89","18474,77","18526,14","18526,14",67570000
2016-09-06,"18493,40","18551,54","18450,32","18538,12","18538,12",83710000
2016-09-02,"18466,01","18544,76","18439,10","18491,96","18491,96",74350000
2016-09-01,"18396,57","18430,05","18295,48","18419,30","18419,30",74780000
Aug 31 2016,"18436,70","18439,68","18333,56","18400,88","18400,88",98250000
Aug 30 2016,"18491,28","18514,29","18408,52","18454,30","18454,30",68920000
Aug 29 2016,"18421,29","18523,09","18419,92","18502,99","18502,99",64480000
Aug 26 2016,"18467,92","18572,09","18335,34","18395,40","18395,40",78730000
Aug 25 2016,"18471,21","18497,68","18431,46","18448,41","18448,41",64480000
Aug 24 2016,"18537,50","18539,15","18448,27","18481,48","18481,48",72270000
Aug 23 2016,"18568,94","18631,60","18545,52","18547,30","18547,30",73990000
Aug 22 2016,"18535,86","18570,92","18466,86","18529,42","18529,42",73450000
Aug 19 2016,"18585,17","18585,17","18491,24","18552,57","18552,57",93170000
Aug 18 2016,"18566,54","18600,82","18533,29","18597,70","18597,70",70740000
Aug 17 2016,"18537,09","18582,35","18468,68","18573,94","18573,94",71000000
Aug 16 2016,"18614,48","18614,86","18550,65","18552,02","18552,02",67570000
Aug 15 2016,"18588,59","18722,61","18559,93","18636,05","18636,05",62350000
Aug 12 2016,"18595,65","18606,06","18535,86","18576,47","18576,47",61580000
Aug 11 2016,"18519,08","18638,34","18519,08","18613,52","18613,52",71470000
Aug 10 2016,"18541,48","18561,75","18468,78","18495,66","18495,66",62780000
Aug 09 2016,"18538,05","18585,32","18507,75","18533,05","18533,05",60090000
Aug 08 2016,"18541,89","18569,31","18502,03","18529,29","18529,29",71810000
Aug 05 2016,"18402,80","18543,53","18402,80","18543,53","18543,53",92420000
Aug 04 2016,"18351,43","18397,87","18325,17","18352,05","18352,05",64500000
Aug 03 2016,"18313,08","18355,00","18283,23","18355,00","18355,00",78550000
Aug 02 2016,"18401,15","18403,65","18247,79","18313,77","18313,77",89680000
Aug 01 2016,"18434,50","18467,03","18355,75","18404,51","18404,51",83470000
2016-07-29,"18442,52","18466,55","18371,12","18432,24","18432,24",111550000
2016-07-28,"18461,01","18483,26","18368,82","18456,35","18456,35",85750000
2016-07-27,"18473,27","18542,39","18430,94","18472,17","18472,17",111370000
2016-07-26,"18497,37","18522,47","18387,22","18473,75","18473,75",85370000
2016-07-25,"18554,49","18555,69","18452,62","18493,06","18493,06",76810000
2016-07-22,"18524,15","18571,30","18491,59","18570,85","18570,85",87710000
2016-07-21,"18589,96","18590,44","18469,67","18517,23","18517,23",86800000
2016-07-20,"18582,70","18622,01","18555,65","18595,03","18595,03",93230000
2016-07-19,"18503,12","18562,53","18495,11","18559,01","18559,01",85840000
2016-07-18,"18521,55","18556,13","18489,84","18533,05","18533,05",75540000
2016-07-15,"18508,88","18557,43","18471,62","18516,55","18516,55",123690000
2016-07-14,"18414,30","18537,57","18414,30","18506,41","18506,41",87050000
2016-07-13,"18356,78","18390,16","18315,76","18372,12","18372,12",80920000
2016-07-12,"18259,12","18371,95","18259,12","18347,67","18347,67",90170000
2016-07-11,"18161,53","18283,90","18161,53","18226,93","18226,93",80880000
2016-07-08,"17971,22","18166,77","17971,22","18146,74","18146,74",93460000
2016-07-07,"17924,24","17984,95","17816,65","17895,88","17895,88",81570000
2016-07-06,"17807,47","17926,91","17713,45","17918,62","17918,62",93000000
2016-07-05,"17904,45","17904,45","17785,28","17840,62","17840,62",103650000
2016-07-01,"17924,24","18002,38","17916,91","17949,37","17949,37",82160000
2016-06-30,"17712,76","17930,61","17711,80","17929,99","17929,99",133030000
2016-06-29,"17456,02","17704,51","17456,02","17694,68","17694,68",106380000
2016-06-28,"17190,51","17409,72","17190,51","17409,72","17409,72",112190000
2016-06-27,"17355,21","17355,21","17063,08","17140,24","17140,24",138740000
2016-06-24,"17946,63","17946,63","17356,34","17400,75","17400,75",239000000
2016-06-23,"17844,11","18011,07","17844,11","18011,07","18011,07",98070000
2016-06-22,"17832,67","17920,16","17770,36","17780,83","17780,83",89440000
2016-06-21,"17827,33","17877,84","17799,80","17829,73","17829,73",85130000
2016-06-20,"17736,87","17946,36","17736,87","17804,87","17804,87",99380000
2016-06-17,"17733,44","17733,44","17602,78","17675,16","17675,16",248680000
2016-06-16,"17602,23","17754,91","17471,29","17733,10","17733,10",91950000
2016-06-15,"17703,65","17762,96","17629,01","17640,17","17640,17",94130000
2016-06-14,"17710,77","17733,92","17595,79","17674,82","17674,82",93740000
2016-06-13,"17830,50","17893,28","17731,35","17732,48","17732,48",101690000
2016-06-10,"17938,82","17938,82","17812,34","17865,34","17865,34",90540000
2016-06-09,"17969,98","18005,22","17915,88","17985,19","17985,19",69690000
2016-06-08,"17931,91","18016,00","17931,91","18005,05","18005,05",71260000
2016-06-07,"17936,22","18003,23","17936,22","17938,28","17938,28",78750000
2016-06-06,"17825,69","17949,68","17822,81","17920,33","17920,33",71870000
2016-06-03,"17799,80","17833,17","17689,68","17807,06","17807,06",82270000
2016-06-02,"17789,05","17838,56","17703,55","17838,56","17838,56",75560000
2016-06-01,"17754,55","17809,18","17664,79","17789,67","17789,67",78530000
2016-05-31,"17891,50","17899,24","17724,03","17787,20","17787,20",147390000
2016-05-27,"17826,85","17873,22","17824,73","17873,22","17873,22",73190000
2016-05-26,"17859,52","17888,66","17803,82","17828,29","17828,29",68940000
2016-05-25,"17735,09","17891,71","17735,09","17851,51","17851,51",79180000
2016-05-24,"17525,19","17742,59","17525,19","17706,05","17706,05",86480000
2016-05-23,"17507,04","17550,70","17480,05","17492,93","17492,93",87790000
2016-05-20,"17437,32","17571,75","17437,32","17500,94","17500,94",111990000
2016-05-19,"17514,16","17514,16","17331,07","17435,40","17435,40",95530000
2016-05-18,"17501,28","17636,22","17418,21","17526,62","17526,62",79120000
2016-05-17,"17701,46","17701,46","17469,92","17529,98","17529,98",103260000
2016-05-16,"17531,76","17755,80","17531,76","17710,71","17710,71",88440000
2016-05-13,"17711,12","17734,74","17512,48","17535,32","17535,32",86640000
2016-05-12,"17711,12","17798,19","17625,38","17720,50","17720,50",88560000
2016-05-11,"17919,03","17919,03","17711,05","17711,12","17711,12",87390000
2016-05-10,"17726,66","17934,61","17726,66","17928,35","17928,35",75790000
2016-05-09,"17743,85","17783,16","17668,38","17705,91","17705,91",85590000
2016-05-06,"17650,30","17744,54","17580,38","17740,63","17740,63",80020000
2016-05-05,"17664,48","17736,11","17615,82","17660,71","17660,71",81530000
2016-05-04,"17735,02","17738,06","17609,01","17651,26","17651,26",95020000
2016-05-03,"17870,75","17870,75","17670,88","17750,91","17750,91",97060000
2016-05-02,"17783,78","17912,35","17773,71","17891,16","17891,16",80100000
Apr 29 2016,"17813,09","17814,83","17651,98","17773,64","17773,64",136670000
Apr 28 2016,"18023,88","18035,73","17796,55","17830,76","17830,76",100920000
Apr 27 2016,"17996,14","18084,66","17920,26","18041,55","18041,55",109090000
Apr 26 2016,"17987,38","18043,77","17934,17","17990,32","17990,32",92570000
Apr 25 2016,"17990,94","17990,94","17855,55","17977,24","17977,24",83770000
Apr 22 2016,"17985,05","18026,85","17909,89","18003,75","18003,75",134120000
Apr 21 2016,"18092,84","18107,29","17963,89","17982,52","17982,52",102720000
Apr 20 2016,"18059,49","18167,63","18031,21","18096,27","18096,27",100210000
Apr 19 2016,"18012,10","18103,46","17984,43","18053,60","18053,60",89820000
Apr 18 2016,"17890,20","18009,53","17848,22","18004,16","18004,16",89390000
Apr 15 2016,"17925,95","17937,65","17867,41","17897,46","17897,46",118160000
Apr 14 2016,"17912,25","17962,14","17885,44","17926,43","17926,43",84510000
Apr 13 2016,"17741,66","17918,35","17741,66","17908,28","17908,28",91710000
Apr 12 2016,"17571,34","17744,43","17553,57","17721,25","17721,25",81020000
Apr 11 2016,"17586,48","17731,63","17555,90","17556,41","17556,41",107100000
Apr 08 2016,"17555,39","17694,51","17528,16","17576,96","17576,96",79990000
Apr 07 2016,"17687,28","17687,28","17484,23","17541,96","17541,96",90120000
Apr 06 2016,"17605,45","17723,55","17542,54","17716,05","17716,05",99410000
Apr 05 2016,"17718,03","17718,03","17579,56","17603,32","17603,32",115230000
Apr 04 2016,"17799,39","17806,38","17710,67","17737,00","17737,00",85230000
Apr 01 2016,"17661,74","17811,48","17568,02","17792,75","17792,75",104890000
2016-03-31,"17716,05","17755,70","17669,72","17685,09","17685,09",102600000
2016-03-30,"17652,36","17790,11","17652,36","17716,66","17716,66",79330000
2016-03-29,"17512,58","17642,81","17434,27","17633,11","17633,11",86160000
2016-03-28,"17526,08","17583,81","17493,03","17535,39","17535,39",70460000
2016-03-24,"17485,33","17517,14","17399,01","17515,73","17515,73",84100000
2016-03-23,"17588,81","17588,81","17486,27","17502,59","17502,59",84240000
2016-03-22,"17602,71","17648,94","17540,42","17582,57","17582,57",95450000
2016-03-21,"17589,70","17644,97","17551,28","17623,87","17623,87",84410000
2016-03-18,"17481,49","17620,58","17481,49","17602,30","17602,30",321230000
2016-03-17,"17321,38","17529,01","17297,65","17481,49","17481,49",117990000
2016-03-16,"17249,34","17379,18","17204,07","17325,76","17325,76",118710000
2016-03-15,"17217,15","17251,70","17120,35","17251,53","17251,53",92830000
2016-03-14,"17207,49","17275,07","17161,16","17229,13","17229,13",96350000
2016-03-11,"17014,99","17220,09","17014,99","17213,31","17213,31",123420000
2016-03-10,"17006,05","17130,11","16821,86","16995,13","16995,13",117570000
2016-03-09,"16969,17","17048,50","16947,94","17000,36","17000,36",116690000
2016-03-08,"17050,67","17072,79","16921,51","16964,10","16964,10",108380000
2016-03-07,"16991,29","17099,25","16940,48","17073,95","17073,95",100290000
2016-03-04,"16945,00","17062,38","16898,84","17006,77","17006,77",106910000
2016-03-03,"16896,17","16944,31","16820,73","16943,90","16943,90",91110000
2016-03-02,"16851,17","16900,17","16766,32","16899,32","16899,32",104470000
2016-03-01,"16545,67","16865,56","16545,67","16865,08","16865,08",105050000
2016-02-29,"16634,15","16726,12","16510,40","16516,50","16516,50",126220000
2016-02-26,"16712,70","16795,98","16623,91","16639,97","16639,97",98480000
2016-02-25,"16504,38","16697,98","16458,42","16697,29","16697,29",94120000
2016-02-24,"16418,84","16507,39","16165,86","16484,99","16484,99",93620000
2016-02-23,"16610,39","16610,39","16403,53","16431,78","16431,78",98170000
2016-02-22,"16417,13","16664,24","16417,13","16620,66","16620,66",102240000
2016-02-19,"16410,96","16410,96","16278,00","16391,99","16391,99",134340000
2016-02-18,"16483,76","16511,84","16390,43","16413,43","16413,43",104950000
2016-02-17,"16217,98","16486,12","16217,98","16453,83","16453,83",124080000
2016-02-16,"16012,39","16196,41","16012,39","16196,41","16196,41",142030000
2016-02-12,"15691,62","15974,04","15691,62","15973,84","15973,84",132550000
2016-02-11,"15897,82","15897,82","15503,01","15660,18","15660,18",172070000
2016-02-10,"16035,61","16201,89","15899,91","15914,74","15914,74",122290000
2016-02-09,"16005,41","16136,62","15881,11","16014,38","16014,38",127740000
2016-02-08,"16147,51","16147,51","15803,55","16027,05","16027,05",165880000
2016-02-05,"16417,95","16423,63","16129,81","16204,97","16204,97",139010000
2016-02-04,"16329,67","16485,84","16266,16","16416,58","16416,58",131490000
2016-02-03,"16186,20","16381,69","15960,45","16336,66","16336,66",141870000
2016-02-02,"16420,21","16420,21","16108,44","16153,54","16153,54",126210000
2016-02-01,"16453,63","16510,98","16299,47","16449,18","16449,18",114450000
01 29 2016,"16090,26","16466,30","16090,26","16466,30","16466,30",217940000
01 28 2016,"15960,28","16102,14","15863,72","16069,64","16069,64",130120000
01 27 2016,"16168,74","16235,03","15878,30","15944,46","15944,46",138350000
01 26 2016,"15893,16","16185,79","15893,16","16167,23","16167,23",118210000
01 25 2016,"16086,46","16086,46","15880,15","15885,22","15885,22",123250000
01 22 2016,"15921,10","16136,79","15921,10","16093,51","16093,51",145850000
01 21 2016,"15768,87","16038,59","15704,66","15882,68","15882,68",145140000
01 20 2016,"15989,45","15989,45","15450,56","15766,74","15766,74",191870000
01 19 2016,"16009,45","16171,96","15900,25","16016,02","16016,02",144360000
01 15 2016,"16354,33","16354,33","15842,11","15988,08","15988,08",239210000
01 14 2016,"16159,01","16482,05","16075,12","16379,05","16379,05",158830000
01 13 2016,"16526,63","16593,51","16123,20","16151,41","16151,41",153530000
01 12 2016,"16419,11","16591,35","16322,07","16516,22","16516,22",117480000
01 11 2016,"16358,71","16461,85","16232,03","16398,57","16398,57",127790000
01 08 2016,"16519,17","16651,89","16314,57","16346,45","16346,45",141850000
01 07 2016,"16888,36","16888,36","16463,63","16514,10","16514,10",176240000
01 06 2016,"17154,83","17154,83","16817,62","16906,51","16906,51",120250000
01 05 2016,"17147,50","17195,84","17038,61","17158,66","17158,66",105750000
01 04 2016,"17405,48","17405,48","16957,63","17148,94","17148,94",148060000
Dec 31 2015,"17590,66","17590,66","17421,16","17425,03","17425,03",93690000
Dec 30 2015,"17711,94","17714,13","17588,87","17603,87","17603,87",59760000
Dec 29 2015,"17547,37","17750,02","17547,37","17720,98","17720,98",69860000
Dec 28 2015,"17535,66","17536,90","17437,34","17528,27","17528,27",59770000
Dec 24 2015,"17593,26","17606,34","17543,95","17552,17","17552,17",40350000
Dec 23 2015,"17427,63","17607,92","17427,63","17602,61","17602,61",92820000
Dec 22 2015,"17253,55","17451,11","17242,86","17417,27","17417,27",91570000
Dec 21 2015,"17154,94","17272,36","17116,73","17251,62","17251,62",114910000
Dec 18 2015,"17495,04","17496,58","17124,31","17128,55","17128,55",344560000
Dec 17 2015,"17756,54","17796,76","17493,50","17495,84","17495,84",115780000
Dec 16 2015,"17530,85","17784,36","17483,68","17749,09","17749,09",123790000
Dec 15 2015,"17374,78","17627,63","17341,18","17524,91","17524,91",123430000
Dec 14 2015,"17277,11","17378,02","17138,47","17368,50","17368,50",142540000
Dec 11 2015,"17574,75","17574,75","17230,50","17265,21","17265,21",134510000
Dec 10 2015,"17493,17","17697,74","17474,66","17574,75","17574,75",107310000
Dec 09 2015,"17558,18","17767,69","17403,51","17492,30","17492,30",122020000
Dec 08 2015,"17703,99","17703,99","17485,39","17568,00","17568,00",113720000
Dec 07 2015,"17845,49","17845,49","17639,25","17730,51","17730,51",99670000
Dec 04 2015,"17482,68","17866,47","17482,68","17847,63","17847,63",137650000
Dec 03 2015,"17741,57","17780,59","17425,56","17477,67","17477,67",126990000
Dec 02 2015,"17883,14","17901,58","17708,20","17729,68","17729,68",102860000
Dec 01 2015,"17719,72","17895,50","17719,72","17888,35","17888,35",103880000
2015-11-30,"17802,84","17837,24","17719,79","17719,92","17719,92",155560000
2015-11-27,"17806,04","17830,36","17749,32","17813,39","17813,39",82540000
2015-11-25,"17820,81","17854,92","17801,83","17813,39","17813,39",82540000
2015-11-24,"17770,90","17862,60","17683,51","17812,19","17812,19",127170000
2015-11-23,"17823,61","17868,18","17751,53","17792,68","17792,68",134680000
2015-11-20,"17732,75","17914,34","17732,75","17823,81","17823,81",153140000
2015-11-19,"17739,83","17772,97","17681,98","17732,75","17732,75",114630000
2015-11-18,"17485,49","17752,16","17485,49","17737,16","17737,16",106810000
2015-11-17,"17486,99","17599,33","17451,41","17489,50","17489,50",167190000
2015-11-16,"17229,94","17483,01","17210,43","17483,01","17483,01",137590000
2015-11-13,"17439,25","17439,25","17238,89","17245,24","17245,24",134640000
2015-11-12,"17691,93","17691,93","17443,50","17448,07","17448,07",113660000
2015-11-11,"17769,50","17807,18","17696,91","17702,22","17702,22",95230000
2015-11-10,"17724,13","17768,66","17657,72","17758,21","17758,21",108640000
2015-11-09,"17900,78","17900,78","17667,78","17730,48","17730,48",121210000
2015-11-06,"17855,22","17912,04","17768,60","17910,33","17910,33",107450000
2015-11-05,"17871,25","17929,51","17779,19","17863,43","17863,43",98910000
2015-11-04,"17929,58","17964,12","17828,83","17867,58","17867,58",99890000
2015-11-03,"17819,74","17977,85","17796,02","17918,15","17918,15",92290000
2015-11-02,"17672,62","17845,90","17655,02","17828,76","17828,76",100840000
2015-10-30,"17756,60","17799,96","17662,87","17663,54","17663,54",149250000
2015-10-29,"17771,50","17786,00","17684,72","17755,80","17755,80",90300000
2015-10-28,"17586,69","17779,95","17556,71","17779,52","17779,52",115630000
2015-10-27,"17608,89","17635,18","17540,57","17581,43","17581,43",113960000
2015-10-26,"17649,57","17660,70","17602,51","17623,05","17623,05",116660000
2015-10-23,"17525,11","17679,37","17525,11","17646,70","17646,70",158090000
2015-10-22,"17180,88","17505,18","17180,88","17489,16","17489,16",152420000
2015-10-21,"17225,93","17314,99","17153,13","17168,61","17168,61",107100000
2015-10-20,"17228,47","17264,88","17147,99","17217,11","17217,11",106670000
2015-10-19,"17209,43","17235,95","17129,19","17230,54","17230,54",118430000
2015-10-16,"17141,75","17220,02","17107,35","17215,97","17215,97",145880000
2015-10-15,"16944,86","17144,42","16933,57","17141,75","17141,75",122960000
2015-10-14,"17079,08","17111,38","16887,67","16924,75","16924,75",120110000
2015-10-13,"17113,55","17172,81","17034,45","17081,89","17081,89",99400000
2015-10-12,"17082,29","17139,21","17064,58","17131,86","17131,86",72500000
2015-10-09,"17054,69","17110,88","17027,23","17084,49","17084,49",103730000
2015-10-08,"16904,17","17081,28","16859,34","17050,75","17050,75",100730000
2015-10-07,"16805,42","16963,30","16765,00","16912,29","16912,29",115690000
2015-10-06,"16774,02","16865,09","16746,03","16790,19","16790,19",120010000
2015-10-05,"16502,10","16798,37","16502,10","16776,43","16776,43",127660000
2015-10-02,"16258,25","16472,77","16013,66","16472,37","16472,37",136870000
2015-10-01,"16278,62","16348,87","16073,82","16272,01","16272,01",111420000
2015-09-30,"16057,08","16297,60","16057,08","16284,70","16284,70",145740000
2015-09-29,"16001,76","16118,89","15942,37","16049,13","16049,13",121160000
2015-09-28,"16313,26","16313,26","15981,85","16001,89","16001,89",139930000
2015-09-25,"16205,07","16465,23","16205,07","16314,67","16314,67",130790000
2015-09-24,"16257,11","16257,11","16016,36","16201,32","16201,32",122220000
2015-09-23,"16332,81","16355,29","16211,98","16279,89","16279,89",86030000
2015-09-22,"16477,45","16477,45","16221,73","16330,47","16330,47",119010000
2015-09-21,"16406,10","16578,60","16391,88","16510,19","16510,19",90730000
2015-09-18,"16674,74","16674,74","16343,76","16384,58","16384,58",341690000
2015-09-17,"16738,08","16933,43","16639,93","16674,74","16674,74",129600000
2015-09-16,"16599,51","16755,98","16593,90","16739,95","16739,95",99620000
2015-09-15,"16382,58","16644,11","16382,58","16599,85","16599,85",93050000
2015-09-14,"16450,86","16450,86","16330,87","16370,96","16370,96",92660000
2015-09-11,"16330,40","16434,76","16244,65","16433,09","16433,09",104630000
2015-09-10,"16252,57","16441,94","16212,08","16330,40","16330,40",122690000
2015-09-09,"16505,04","16664,65","16220,10","16253,57","16253,57",118790000
2015-09-08,"16109,93","16503,41","16109,93","16492,68","16492,68",123870000
2015-09-04,"16371,76","16371,76","16026,61","16102,38","16102,38",127270000
2015-09-03,"16364,34","16550,07","16317,31","16374,76","16374,76",109730000
2015-09-02,"16058,35","16352,58","16058,35","16351,38","16351,38",133480000
2015-09-01,"16528,03","16528,03","15979,95","16058,35","16058,35",171390000
Aug 31 2015,"16632,02","16632,02","16444,05","16528,03","16528,03",141440000
Aug 28 2015,"16649,42","16669,97","16535,18","16643,01","16643,01",131790000
Aug 27 2015,"16285,51","16666,69","16285,51","16654,77","16654,77",171980000
Aug 26 2015,"15676,26","16303,75","15676,26","16285,51","16285,51",208420000
Aug 25 2015,"15882,27","16312,94","15651,24","15666,44","15666,44",213220000
Aug 24 2015,"16459,75","16459,75","15370,33","15871,35","15871,35",293920000
Aug 21 2015,"16990,69","16990,69","16459,55","16459,75","16459,75",225170000
Aug 20 2015,"17345,32","17345,32","16990,69","16990,69","16990,69",128530000
Aug 19 2015,"17508,74","17517,19","17282,42","17348,73","17348,73",104720000
Aug 18 2015,"17537,30","17568,40","17486,42","17511,34","17511,34",79900000
Aug 17 2015,"17472,66","17551,40","17341,72","17545,18","17545,18",73380000
Aug 14 2015,"17410,12","17492,90","17394,06","17477,40","17477,40",82120000
Aug 13 2015,"17401,64","17481,78","17341,34","17408,25","17408,25",88550000
Aug 12 2015,"17382,93","17423,90","17125,81","17402,51","17402,51",120400000
Aug 11 2015,"17593,59","17593,59","17352,63","17402,84","17402,84",103010000
Aug 10 2015,"17375,18","17629,13","17375,18","17615,17","17615,17",92430000
Aug 07 2015,"17414,94","17414,94","17279,08","17373,38","17373,38",81800000
Aug 06 2015,"17542,61","17572,04","17362,86","17419,75","17419,75",96170000
Aug 05 2015,"17555,24","17661,37","17492,90","17540,47","17540,47",102450000
Aug 04 2015,"17596,93","17635,78","17505,50","17550,69","17550,69",99060000
Aug 03 2015,"17696,74","17704,76","17496,61","17598,20","17598,20",87880000
2015-07-31,"17755,87","17783,59","17671,59","17689,86","17689,86",106120000
2015-07-30,"17743,24","17761,25","17640,85","17745,98","17745,98",76650000
2015-07-29,"17631,40","17776,78","17629,20","17751,39","17751,39",93140000
2015-07-28,"17449,81","17650,07","17449,81","17630,27","17630,27",103450000
2015-07-27,"17561,78","17561,78","17399,17","17440,59","17440,59",117860000
2015-07-24,"17731,05","17756,54","17553,73","17568,53","17568,53",103470000
2015-07-23,"17853,78","17860,95","17705,03","17731,92","17731,92",88600000
2015-07-22,"17918,35","17919,35","17807,41","17851,04","17851,04",112370000
2015-07-21,"18096,67","18096,67","17868,34","17919,29","17919,29",100170000
2015-07-20,"18085,91","18137,12","18064,50","18100,41","18100,41",75060000
2015-07-17,"18117,58","18121,12","18032,06","18086,45","18086,45",106510000
2015-07-16,"18078,16","18131,61","18065,33","18120,25","18120,25",85030000
2015-07-15,"18053,38","18090,39","18010,15","18050,17","18050,17",80460000
2015-07-14,"17974,61","18072,82","17956,17","18053,58","18053,58",76740000
2015-07-13,"17787,27","17987,57","17787,27","17977,68","17977,68",86380000
2015-07-10,"17561,12","17797,49","17561,12","17760,41","17760,41",85800000
2015-07-09,"17530,38","17764,85","17530,38","17548,62","17548,62",100520000
2015-07-08,"17759,01","17759,01","17496,22","17515,42","17515,42",69830000
2015-07-07,"17684,92","17793,45","17465,68","17776,91","17776,91",105840000
2015-07-06,"17728,08","17734,36","17564,36","17683,58","17683,58",90130000
2015-07-02,"17763,32","17825,49","17687,52","17730,11","17730,11",83080000
2015-07-01,"17638,12","17801,83","17638,12","17757,91","17757,91",87010000
2015-06-30,"17599,96","17714,66","17576,50","17619,51","17619,51",126460000
2015-06-29,"17936,74","17936,74","17590,55","17596,35","17596,35",116340000
2015-06-26,"17892,03","18013,15","17892,03","17946,68","17946,68",158120000
2015-06-25,"17977,11","18036,10","17890,36","17890,36","17890,36",78990000
2015-06-24,"18139,10","18139,10","17966,07","17966,07","17966,07",104980000
2015-06-23,"18121,78","18188,81","18108,10","18144,07","18144,07",75970000
2015-06-22,"18027,63","18181,67","18027,63","18119,78","18119,78",77780000
2015-06-19,"18116,24","18117,71","18010,58","18015,95","18015,95",258300000
2015-06-18,"17944,61","18174,73","17944,61","18115,84","18115,84",94460000
2015-06-17,"17909,58","17998,00","17839,65","17935,74","17935,74",92410000
2015-06-16,"17787,43","17919,62","17774,12","17904,48","17904,48",77510000
2015-06-15,"17890,76","17890,76","17698,42","17791,17","17791,17",91920000
2015-06-12,"18035,83","18035,83","17857,07","17898,84","17898,84",83760000
2015-06-11,"18001,27","18109,77","18001,27","18039,37","18039,37",89490000
2015-06-10,"17765,38","18045,14","17765,38","18000,40","18000,40",96980000
2015-06-09,"17766,95","17817,83","17714,97","17764,04","17764,04",90550000
2015-06-08,"17849,46","17852,35","17760,61","17766,55","17766,55",86300000
2015-06-05,"17905,38","17940,78","17822,90","17849,46","17849,46",89140000
2015-06-04,"18072,47","18087,15","17876,95","17905,58","17905,58",93470000
2015-06-03,"18018,42","18168,09","18010,42","18076,27","18076,27",73120000
2015-06-02,"18033,33","18091,87","17925,33","18011,94","18011,94",77550000
2015-06-01,"18017,82","18105,83","17982,06","18040,37","18040,37",85640000
2015-05-29,"18128,12","18128,12","17967,74","18010,68","18010,68",139810000
2015-05-28,"18154,14","18154,14","18066,40","18126,12","18126,12",67510000
2015-05-27,"18045,08","18190,35","18045,08","18162,99","18162,99",96400000
2015-05-26,"18229,75","18229,75","17990,02","18041,54","18041,54",109440000
2015-05-22,"18286,87","18286,87","18217,14","18232,02","18232,02",78890000
2015-05-21,"18285,87","18314,89","18249,90","18285,74","18285,74",84270000
2015-05-20,"18315,06","18350,13","18272,56","18285,40","18285,40",80190000
2015-05-19,"18300,48","18351,36","18261,35","18312,39","18312,39",87200000
2015-05-18,"18267,25","18325,54","18244,26","18298,88","18298,88",79080000
2015-05-15,"18251,97","18272,72","18215,07","18272,56","18272,56",108220000
2015-05-14,"18062,49","18255,21","18062,49","18252,24","18252,24",91580000
2015-05-13,"18070,37","18132,79","18039,20","18060,49","18060,49",85180000
2015-05-12,"18096,16","18119,18","17924,80","18068,23","18068,23",89270000
2015-05-11,"18187,78","18199,95","18089,11","18105,17","18105,17",86050000
2015-05-08,"17933,64","18205,23","17933,64","18191,11","18191,11",94960000
2015-05-07,"17840,25","17973,07","17796,94","17924,06","17924,06",80920000
2015-05-06,"17934,81","18019,75","17733,12","17841,98","17841,98",100430000
2015-05-05,"18062,53","18086,01","17905,71","17928,20","17928,20",95340000
2015-05-04,"18026,02","18133,76","18026,02","18070,40","18070,40",86010000
2015-05-01,"17859,27","18028,89","17859,27","18024,06","18024,06",91700000
Apr 30 2015,"18033,33","18033,33","17774,89","17840,52","17840,52",129180000
Apr 29 2015,"18093,69","18096,46","17953,69","18035,53","18035,53",102080000
Apr 28 2015,"18035,90","18119,65","17917,36","18110,14","18110,14",124930000
Apr 27 2015,"18097,89","18175,56","18024,66","18037,97","18037,97",121110000
Apr 24 2015,"18056,42","18108,87","18009,08","18080,14","18080,14",119130000
Apr 23 2015,"18031,90","18133,03","17966,77","18058,69","18058,69",100240000
Apr 22 2015,"17950,82","18056,02","17887,76","18038,27","18038,27",91260000
Apr 21 2015,"18034,23","18109,70","17929,63","17949,59","17949,59",95180000
Apr 20 2015,"17841,18","18092,22","17841,18","18034,93","18034,93",103160000
Apr 17 2015,"18102,56","18102,56","17748,53","17826,30","17826,30",138860000
Apr 16 2015,"18106,27","18169,26","18063,86","18105,77","18105,77",89520000
Apr 15 2015,"18045,71","18160,52","18045,71","18112,61","18112,61",113610000
Apr 14 2015,"17979,11","18075,60","17905,48","18036,70","18036,70",82830000
Apr 13 2015,"18052,32","18107,57","17974,81","17977,04","17977,04",120090000
Apr 10 2015,"17956,73","18066,76","17945,55","18057,65","18057,65",116410000
Apr 09 2015,"17902,51","17984,22","17823,10","17958,73","17958,73",86740000
Apr 08 2015,"17877,62","17976,20","17822,23","17902,51","17902,51",76820000
Apr 07 2015,"17884,32","17983,12","17871,21","17875,42","17875,42",72150000
Apr 06 2015,"17755,50","17941,79","17646,80","17880,85","17880,85",100850000
Apr 02 2015,"17699,52","17815,03","17673,49","17763,24","17763,24",87370000
Apr 01 2015,"17778,52","17778,52","17585,01","17698,18","17698,18",103360000
2015-03-31,"17965,37","17965,37","17773,02","17776,12","17776,12",119470000
2015-03-30,"17727,48","18008,64","17727,48","17976,31","17976,31",104040000
2015-03-27,"17673,63","17729,14","17630,49","17712,66","17712,66",103220000
2015-03-26,"17716,27","17759,51","17579,27","17678,23","17678,23",117740000
2015-03-25,"18012,61","18041,97","17718,54","17718,54","17718,54",106560000
2015-03-24,"18110,87","18149,24","18010,44","18011,14","18011,14",87190000
2015-03-23,"18136,73","18205,93","18116,04","18116,04","18116,04",98030000
2015-03-20,"17961,13","18197,29","17961,13","18127,65","18127,65",333870000
2015-03-19,"18072,58","18072,99","17934,24","17959,03","17959,03",107820000
2015-03-18,"17846,80","18097,12","17697,52","18076,19","18076,19",130950000
2015-03-17,"17972,22","17972,22","17785,79","17849,08","17849,08",82560000
2015-03-16,"17751,24","17988,50","17751,24","17977,42","17977,42",101760000
2015-03-13,"17889,05","17889,05","17629,89","17749,31","17749,31",113620000
2015-03-12,"17626,84","17900,10","17620,49","17895,22","17895,22",111550000
2015-03-11,"17662,94","17731,78","17627,00","17635,39","17635,39",102120000
2015-03-10,"17989,56","17989,56","17662,94","17662,94","17662,94",120450000
2015-03-09,"17856,56","18031,04","17856,56","17995,72","17995,72",85820000
2015-03-06,"18135,72","18135,72","17825,15","17856,78","17856,78",113350000
2015-03-05,"18096,90","18160,35","18087,65","18135,72","18135,72",75840000
2015-03-04,"18203,37","18203,37","18029,50","18096,90","18096,90",80900000
2015-03-03,"18281,95","18281,95","18136,88","18203,37","18203,37",83830000
2015-03-02,"18134,05","18288,63","18122,59","18288,63","18288,63",89790000
2015-02-27,"18213,26","18213,26","18132,38","18132,70","18132,70",101110000
2015-02-26,"18224,41","18239,43","18157,07","18214,42","18214,42",81500000
2015-02-25,"18208,67","18244,38","18182,76","18224,57","18224,57",80480000
2015-02-24,"18112,57","18231,09","18098,73","18209,19","18209,19",79310000
2015-02-23,"18140,76","18141,21","18054,84","18116,84","18116,84",83670000
2015-02-20,"17985,77","18144,29","17878,37","18140,44","18140,44",111390000
2015-02-19,"18028,67","18028,67","17924,60","17985,77","17985,77",79130000
2015-02-18,"18045,72","18048,70","17982,20","18029,85","18029,85",75090000
2015-02-17,"18019,80","18052,01","17951,41","18047,58","18047,58",98760000
2015-02-13,"17968,65","18037,41","17961,76","18019,35","18019,35",85230000
2015-02-12,"17862,14","17975,65","17862,14","17972,38","17972,38",117160000
2015-02-11,"17867,86","17897,21","17759,65","17862,14","17862,14",89890000
2015-02-10,"17736,15","17890,34","17729,24","17868,76","17868,76",89930000
2015-02-09,"17821,49","17821,49","17685,32","17729,21","17729,21",81590000
2015-02-06,"17881,54","17951,09","17764,40","17824,29","17824,29",93610000
2015-02-05,"17677,26","17889,58","17677,26","17884,88","17884,88",79890000
2015-02-04,"17664,99","17782,22","17603,21","17673,02","17673,02",102560000
2015-02-03,"17369,97","17670,76","17369,97","17666,40","17666,40",112860000
2015-02-02,"17169,99","17367,68","17037,76","17361,04","17361,04",108090000
01 30 2015,"17416,85","17419,90","17156,82","17164,95","17164,95",168560000
01 29 2015,"17195,29","17433,13","17136,30","17416,85","17416,85",111690000
01 28 2015,"17402,91","17484,41","17189,00","17191,37","17191,37",115980000
01 27 2015,"17638,53","17638,53","17288,31","17387,21","17387,21",135940000
01 26 2015,"17668,11","17696,36","17567,60","17678,70","17678,70",87220000
01 23 2015,"17812,50","17812,50","17667,53","17672,60","17672,60",97110000
01 22 2015,"17557,29","17840,89","17482,54","17813,98","17813,98",111980000
01 21 2015,"17509,96","17599,58","17396,04","17554,28","17554,28",95530000
01 20 2015,"17516,96","17588,70","17346,73","17515,23","17515,23",119600000
01 16 2015,"17320,00","17528,37","17243,55","17511,57","17511,57",140480000
01 15 2015,"17436,30","17517,41","17298,04","17320,71","17320,71",94520000
01 14 2015,"17609,06","17609,06","17264,90","17427,09","17427,09",109180000
01 13 2015,"17645,02","17923,01","17498,23","17613,68","17613,68",99360000
01 12 2015,"17742,05","17793,88","17571,58","17640,84","17640,84",92500000
01 09 2015,"17911,02","17915,32","17686,09","17737,37","17737,37",93390000
01 08 2015,"17591,97","17916,04","17591,97","17907,87","17907,87",114890000
01 07 2015,"17374,78","17597,08","17374,78","17584,52","17584,52",91030000
01 06 2015,"17504,18","17581,05","17262,37","17371,64","17371,64",101870000
01 05 2015,"17821,30","17821,30","17475,93","17501,65","17501,65",116160000
01 02 2015,"17823,07","17951,78","17731,30","17832,99","17832,99",76270000
Dec 31 2014,"17987,66","18043,22","17820,88","17823,07","17823,07",82840000
Dec 30 2014,"18035,02","18035,02","17959,70","17983,07","17983,07",47490000
Dec 29 2014,"18046,58","18073,04","18021,57","18038,23","18038,23",53870000
Dec 26 2014,"18038,30","18103,45","18038,30","18053,71","18053,71",52570000
Dec 24 2014,"18035,73","18086,24","18027,78","18030,21","18030,21",42870000
Dec 23 2014,"17971,51","18069,22","17970,16","18024,17","18024,17",82890000
Dec 22 2014,"17812,25","17962,78","17812,25","17959,44","17959,44",98460000
Dec 19 2014,"17778,02","17874,03","17746,55","17804,80","17804,80",343690000
Dec 18 2014,"17367,85","17778,40","17367,85","17778,15","17778,15",123940000
Dec 17 2014,"17069,16","17389,30","17069,16","17356,87","17356,87",118220000
Dec 16 2014,"17173,07","17427,44","17067,59","17068,87","17068,87",116640000
Dec 15 2014,"17285,74","17403,54","17115,28","17180,84","17180,84",114050000
Dec 12 2014,"17590,05","17590,05","17280,83","17280,83","17280,83",121950000
Dec 11 2014,"17534,30","17758,51","17534,30","17596,34","17596,34",90100000
Dec 10 2014,"17797,99","17797,99","17508,10","17533,15","17533,15",115100000
Dec 09 2014,"17847,37","17847,37","17629,57","17801,20","17801,20",100400000
Dec 08 2014,"17954,94","17960,56","17804,28","17852,48","17852,48",88680000
Dec 05 2014,"17903,05","17991,19","17903,05","17958,79","17958,79",79110000
Dec 04 2014,"17910,02","17937,96","17814,81","17900,10","17900,10",76270000
Dec 03 2014,"17880,90","17924,15","17855,59","17912,62","17912,62",99400000
Dec 02 2014,"17778,85","17897,05","17778,85","17879,55","17879,55",81970000
Dec 01 2014,"17827,27","17827,27","17726,55","17776,80","17776,80",86390000
2014-11-28,"17830,55","17893,42","17807,78","17828,24","17828,24",80470000
2014-11-26,"17812,25","17833,76","17791,16","17827,75","17827,75",67450000
2014-11-25,"17819,05","17854,73","17790,89","17814,94","17814,94",88190000
2014-11-24,"17812,63","17855,27","17793,19","17817,90","17817,90",85510000
2014-11-21,"17721,02","17894,83","17721,02","17810,06","17810,06",140940000
2014-11-20,"17677,32","17720,44","17603,89","17719,00","17719,00",77740000
2014-11-19,"17685,51","17712,26","17624,50","17685,73","17685,73",73780000
2014-11-18,"17643,09","17735,71","17642,03","17687,82","17687,82",87420000
2014-11-17,"17631,85","17675,07","17606,81","17647,75","17647,75",70330000
2014-11-14,"17653,11","17664,15","17613,20","17634,74","17634,74",72850000
2014-11-13,"17618,69","17705,48","17583,88","17652,79","17652,79",80540000
2014-11-12,"17604,75","17626,71","17536,17","17612,20","17612,20",75980000
2014-11-11,"17615,64","17638,21","17584,94","17614,90","17614,90",52880000
2014-11-10,"17568,98","17621,87","17547,51","17613,74","17613,74",71430000
2014-11-07,"17558,58","17575,33","17493,37","17573,93","17573,93",82860000
2014-11-06,"17491,66","17560,31","17440,35","17554,47","17554,47",70670000
2014-11-05,"17385,76","17486,59","17385,76","17484,53","17484,53",76030000
2014-11-04,"17368,81","17397,23","17278,36","17383,84","17383,84",81390000
2014-11-03,"17390,90","17410,65","17339,85","17366,24","17366,24",80030000
2014-10-31,"17208,78","17395,54","17208,78","17390,52","17390,52",121610000
2014-10-30,"16968,14","17223,96","16920,76","17195,42","17195,42",80180000
2014-10-29,"17005,07","17065,50","16895,38","16974,31","16974,31",76450000
2014-10-28,"16825,19","17006,45","16825,19","17005,75","17005,75",83870000
2014-10-27,"16796,10","16836,98","16729,83","16817,94","16817,94",72580000
2014-10-24,"16677,04","16811,71","16649,72","16805,41","16805,41",90400000
2014-10-23,"16468,07","16767,52","16468,07","16677,90","16677,90",99420000
2014-10-22,"16615,26","16653,89","16459,85","16461,32","16461,32",92050000
2014-10-21,"16406,03","16620,78","16405,77","16614,81","16614,81",105110000
2014-10-20,"16373,15","16401,63","16260,54","16399,67","16399,67",94320000
2014-10-17,"16118,39","16427,38","16118,39","16380,41","16380,41",137910000
2014-10-16,"16137,14","16211,12","15935,22","16117,24","16117,24",131670000
2014-10-15,"16313,30","16313,30","15855,12","16141,74","16141,74",160380000
2014-10-14,"16321,90","16463,67","16273,64","16315,19","16315,19",110410000
2014-10-13,"16535,43","16602,41","16310,47","16321,07","16321,07",107830000
2014-10-10,"16654,88","16757,60","16543,91","16544,10","16544,10",136370000
2014-10-09,"16989,37","16989,37","16649,04","16659,25","16659,25",93210000
2014-10-08,"16718,65","17006,91","16663,26","16994,22","16994,22",106930000
2014-10-07,"16988,25","16988,25","16715,79","16719,39","16719,39",79420000
2014-10-06,"17010,34","17099,39","16930,38","16991,91","16991,91",655450000
2014-10-03,"16802,20","17027,84","16802,20","17009,69","17009,69",87940000
2014-10-02,"16808,27","16857,25","16674,04","16801,05","16801,05",75490000
2014-10-01,"17040,46","17041,16","16776,13","16804,71","16804,71",104240000
2014-09-30,"17070,45","17145,10","17017,11","17042,90","17042,90",102290000
2014-09-29,"17107,69","17107,69","16934,43","17071,22","17071,22",70220000
2014-09-26,"16948,62","17148,15","16948,11","17113,15","17113,15",74670000
2014-09-25,"17204,86","17204,86","16945,80","16945,80","16945,80",93520000
2014-09-24,"17056,64","17226,60","17033,93","17210,06","17210,06",80530000
2014-09-23,"17165,91","17171,88","17055,87","17055,87","17055,87",77090000
2014-09-22,"17271,71","17277,88","17159,36","17172,68","17172,68",74300000
2014-09-19,"17267,21","17350,64","17257,46","17279,74","17279,74",349620000
2014-09-18,"17163,73","17275,37","17163,73","17265,99","17265,99",85300000
2014-09-17,"17131,01","17221,11","17089,01","17156,85","17156,85",87810000
2014-09-16,"17027,16","17167,05","16985,55","17131,97","17131,97",73200000
2014-09-15,"16988,76","17051,85","16951,38","17031,14","17031,14",71740000
2014-09-12,"17044,05","17044,05","16937,67","16987,51","16987,51",82820000
2014-09-11,"17057,41","17057,41","16983,88","17049,00","17049,00",63650000
2014-09-10,"17016,05","17080,27","16974,57","17068,71","17068,71",76780000
2014-09-09,"17110,39","17111,55","16993,29","17013,87","17013,87",69030000
2014-09-08,"17131,71","17137,88","17079,17","17111,42","17111,42",65640000
2014-09-05,"17065,89","17137,36","17009,62","17137,36","17137,36",76630000
2014-09-04,"17083,61","17161,55","17030,12","17069,58","17069,58",68120000
2014-09-03,"17067,24","17151,89","17060,21","17078,28","17078,28",62770000
2014-09-02,"17097,42","17113,51","17009,07","17067,56","17067,56",64820000
Aug 29 2014,"17083,42","17110,42","17035,38","17098,45","17098,45",81500000
Aug 28 2014,"17119,06","17119,06","17018,33","17079,57","17079,57",51860000
Aug 27 2014,"17111,03","17134,60","17090,61","17122,01","17122,01",61690000
Aug 26 2014,"17079,57","17153,80","17079,57","17106,70","17106,70",50710000
Aug 25 2014,"17011,81","17124,74","17011,81","17076,87","17076,87",57400000
Aug 22 2014,"17038,27","17064,28","16984,52","17001,22","17001,22",64330000
Aug 21 2014,"16983,88","17074,59","16983,88","17039,49","17039,49",65160000
Aug 20 2014,"16910,03","16994,89","16896,55","16979,13","16979,13",61960000
Aug 19 2014,"16839,06","16929,13","16839,06","16919,59","16919,59",67220000
Aug 18 2014,"16664,45","16840,28","16664,45","16838,74","16838,74",75670000
Aug 15 2014,"16717,01","16775,27","16575,42","16662,91","16662,91",109180000
Aug 14 2014,"16657,32","16714,22","16651,67","16713,58","16713,58",62370000
Aug 13 2014,"16567,54","16670,29","16567,54","16651,80","16651,80",66020000
Aug 12 2014,"16565,55","16589,31","16518,06","16560,54","16560,54",62770000
Aug 11 2014,"16557,27","16627,99","16557,27","16569,98","16569,98",65560000
Aug 08 2014,"16369,68","16556,59","16364,22","16553,93","16553,93",82420000
Aug 07 2014,"16448,29","16504,35","16333,78","16368,27","16368,27",80430000
Aug 06 2014,"16425,10","16490,70","16372,32","16443,34","16443,34",78600000
Aug 05 2014,"16559,97","16559,97","16369,55","16429,47","16429,47",76630000
Aug 04 2014,"16493,72","16596,22","16447,20","16569,28","16569,28",76260000
Aug 01 2014,"16561,70","16584,75","16437,07","16493,37","16493,37",84860000
2014-07-31,"16869,63","16869,63","16563,30","16563,30","16563,30",101670000
2014-07-30,"16920,11","16983,94","16817,16","16880,36","16880,36",77750000
2014-07-29,"16984,33","17056,46","16912,11","16912,11","16912,11",75980000
2014-07-28,"16956,91","17001,38","16877,72","16982,59","16982,59",66190000
2014-07-25,"17079,50","17082,33","16915,65","16960,57","16960,57",67290000
2014-07-24,"17092,02","17119,83","17061,07","17083,80","17083,80",66390000
2014-07-23,"17117,01","17121,05","17058,05","17086,63","17086,63",73440000
2014-07-22,"17054,97","17133,43","17040,13","17113,54","17113,54",77960000
2014-07-21,"17095,11","17095,11","16974,34","17051,73","17051,73",67590000
2014-07-18,"16978,16","17113,51","16977,52","17100,18","17100,18",112530000
2014-07-17,"17133,45","17151,56","16966,19","16976,81","16976,81",99240000
2014-07-16,"17061,91","17139,35","17061,91","17138,20","17138,20",111500000
2014-07-15,"17055,03","17120,34","17006,39","17060,68","17060,68",101730000
2014-07-14,"16950,93","17088,43","16950,93","17055,42","17055,42",60570000
2014-07-11,"16918,31","16949,46","16860,30","16943,81","16943,81",61000000
2014-07-10,"16980,35","16980,35","16805,38","16915,07","16915,07",67510000
2014-07-09,"16916,83","16998,95","16913,81","16985,61","16985,61",67120000
2014-07-08,"17022,09","17022,09","16874,79","16906,62","16906,62",75250000
2014-07-07,"17063,83","17063,83","16992,45","17024,21","17024,21",61480000
2014-07-03,"16979,00","17074,65","16979,00","17068,26","17068,26",66800000
2014-07-02,"16949,71","16986,63","16949,71","16976,24","16976,24",57840000
2014-07-01,"16828,53","16998,70","16828,53","16956,07","16956,07",74050000
2014-06-30,"16852,49","16871,27","16801,94","16826,60","16826,60",90360000
2014-06-27,"16846,90","16862,73","16773,84","16851,84","16851,84",137690000
2014-06-26,"16866,81","16872,52","16746,09","16846,13","16846,13",63650000
2014-06-25,"16817,68","16883,54","16799,41","16867,51","16867,51",73920000
2014-06-24,"16934,62","16969,70","16805,23","16818,13","16818,13",80220000
2014-06-23,"16946,50","16954,27","16896,09","16937,26","16937,26",63640000
2014-06-20,"16920,62","16978,02","16920,62","16947,08","16947,08",247350000
2014-06-19,"16909,90","16923,43","16858,88","16921,46","16921,46",80220000
2014-06-18,"16806,12","16911,41","16755,29","16906,62","16906,62",73720000
2014-06-17,"16779,21","16823,55","16732,91","16808,49","16808,49",63530000
2014-06-16,"16765,56","16802,14","16722,86","16781,01","16781,01",77900000
2014-06-13,"16734,64","16787,89","16718,60","16775,74","16775,74",95220000
2014-06-12,"16840,48","16841,57","16703,73","16734,19","16734,19",72560000
2014-06-11,"16943,16","16943,16","16821,85","16843,88","16843,88",61860000
2014-06-10,"16940,40","16946,34","16897,44","16945,92","16945,92",64560000
2014-06-09,"16926,08","16970,17","16912,92","16943,10","16943,10",67130000
2014-06-06,"16839,64","16924,28","16839,64","16924,28","16924,28",80530000
2014-06-05,"16739,14","16845,81","16709,95","16836,11","16836,11",70460000
2014-06-04,"16720,00","16742,91","16673,65","16737,53","16737,53",65570000
2014-06-03,"16736,70","16736,70","16690,01","16722,34","16722,34",67830000
2014-06-02,"16716,85","16756,64","16682,07","16743,63","16743,63",57560000
2014-05-30,"16697,33","16721,22","16648,85","16717,17","16717,17",105190000
2014-05-29,"16637,74","16698,74","16620,43","16698,74","16698,74",55500000
2014-05-28,"16674,98","16674,98","16620,22","16633,18","16633,18",62480000
2014-05-27,"16607,42","16688,69","16607,42","16675,50","16675,50",80870000
2014-05-23,"16544,49","16613,07","16544,49","16606,27","16606,27",61340000
2014-05-22,"16532,74","16565,39","16489,61","16543,08","16543,08",59250000
2014-05-21,"16376,17","16544,60","16376,17","16533,06","16533,06",76730000
2014-05-20,"16511,22","16511,22","16341,30","16374,31","16374,31",75150000
2014-05-19,"16490,35","16526,26","16442,12","16511,86","16511,86",82180000
2014-05-16,"16447,32","16498,99","16414,32","16491,31","16491,31",119330000
2014-05-15,"16613,52","16622,90","16397,46","16446,81","16446,81",106610000
2014-05-14,"16716,08","16717,56","16595,00","16613,97","16613,97",71970000
2014-05-13,"16695,92","16735,51","16695,92","16715,44","16715,44",71340000
2014-05-12,"16584,82","16704,84","16584,82","16695,47","16695,47",71550000
2014-05-09,"16551,23","16588,77","16498,71","16583,34","16583,34",74980000
2014-05-08,"16518,16","16622,95","16502,01","16550,97","16550,97",75620000
2014-05-07,"16401,66","16522,94","16357,35","16518,54","16518,54",93870000
2014-05-06,"16529,85","16529,85","16399,99","16401,02","16401,02",74340000
2014-05-05,"16509,75","16547,92","16377,09","16530,55","16530,55",70320000
2014-05-02,"16562,34","16620,06","16488,31","16512,89","16512,89",78910000
2014-05-01,"16580,26","16604,79","16525,25","16558,87","16558,87",75630000
Apr 30 2014,"16534,86","16592,28","16510,87","16580,84","16580,84",92970000
Apr 29 2014,"16451,18","16559,39","16451,18","16535,37","16535,37",71240000
Apr 28 2014,"16363,20","16500,37","16312,66","16448,74","16448,74",105510000
Apr 25 2014,"16503,26","16503,26","16333,78","16361,46","16361,46",90630000
Apr 24 2014,"16503,39","16541,26","16452,30","16501,65","16501,65",80340000
Apr 23 2014,"16513,73","16525,99","16477,28","16501,65","16501,65",76830000
Apr 22 2014,"16449,38","16565,71","16449,38","16514,37","16514,37",84830000
Apr 21 2014,"16408,92","16459,78","16402,08","16449,25","16449,25",79500000
Apr 17 2014,"16424,14","16460,49","16368,14","16408,54","16408,54",136190000
Apr 16 2014,"16266,23","16424,85","16266,23","16424,85","16424,85",94650000
Apr 15 2014,"16173,49","16272,95","16063,20","16262,56","16262,56",97850000
Apr 14 2014,"16028,29","16184,76","16028,29","16173,24","16173,24",90020000
Apr 11 2014,"16168,87","16168,87","16015,32","16026,75","16026,75",119550000
Apr 10 2014,"16437,24","16456,12","16153,34","16170,22","16170,22",112550000
Apr 09 2014,"16256,37","16438,82","16256,37","16437,18","16437,18",91550000
Apr 08 2014,"16245,16","16296,86","16180,28","16256,14","16256,14",98510000
Apr 07 2014,"16414,15","16421,38","16244,01","16245,87","16245,87",116540000
Apr 04 2014,"16576,02","16631,63","16392,77","16412,71","16412,71",104350000
Apr 03 2014,"16572,36","16604,15","16527,60","16572,55","16572,55",77220000
Apr 02 2014,"16532,80","16588,19","16506,60","16573,00","16573,00",78120000
Apr 01 2014,"16458,05","16565,73","16457,60","16532,61","16532,61",88010000
2014-03-31,"16324,22","16480,85","16324,22","16457,66","16457,66",104510000
2014-03-28,"16267,77","16414,86","16267,77","16323,06","16323,06",86370000
2014-03-27,"16268,67","16300,94","16191,79","16264,23","16264,23",93650000
2014-03-26,"16370,71","16466,04","16268,99","16268,99","16268,99",92770000
2014-03-25,"16279,20","16407,18","16279,20","16367,88","16367,88",89110000
2014-03-24,"16303,28","16380,51","16215,56","16276,69","16276,69",110620000
2014-03-21,"16332,69","16456,45","16290,79","16302,77","16302,77",353670000
2014-03-20,"16221,98","16353,98","16160,33","16331,05","16331,05",91530000
2014-03-19,"16335,71","16363,32","16126,29","16222,17","16222,17",90110000
2014-03-18,"16245,93","16369,94","16245,93","16336,19","16336,19",79140000
2014-03-17,"16066,37","16270,34","16066,37","16247,22","16247,22",88930000
2014-03-14,"16106,32","16165,05","16046,99","16065,67","16065,67",85660000
2014-03-13,"16341,55","16405,07","16084,10","16108,89","16108,89",86160000
2014-03-12,"16350,67","16364,74","16260,03","16340,08","16340,08",77900000
2014-03-11,"16419,39","16460,33","16325,17","16351,25","16351,25",78150000
2014-03-10,"16453,10","16453,10","16334,20","16418,68","16418,68",68210000
2014-03-07,"16424,53","16505,70","16398,86","16452,72","16452,72",80690000
2014-03-06,"16360,56","16450,17","16360,56","16421,89","16421,89",75900000
2014-03-05,"16395,88","16406,55","16343,96","16360,18","16360,18",73980000
2014-03-04,"16169,32","16419,49","16169,32","16395,88","16395,88",96120000
2014-03-03,"16321,71","16321,71","16071,25","16168,03","16168,03",92760000
2014-02-28,"16273,23","16398,95","16226,09","16321,71","16321,71",122110000
2014-02-27,"16197,70","16276,28","16159,81","16272,65","16272,65",97640000
2014-02-26,"16180,36","16252,35","16155,86","16198,41","16198,41",93980000
2014-02-25,"16207,34","16254,26","16147,25","16179,66","16179,66",99470000
2014-02-24,"16102,27","16300,04","16102,27","16207,14","16207,14",244580000
2014-02-21,"16135,92","16191,92","16093,80","16103,30","16103,30",126580000
2014-02-20,"16044,15","16161,64","16006,59","16133,23","16133,23",77720000
2014-02-19,"16126,23","16225,72","16031,66","16040,56","16040,56",80560000
2014-02-18,"16153,97","16167,33","16107,04","16130,40","16130,40",91250000
